Year,Month,Day,Lat,Lon,Depth,Mag
2021,7,25,-19.902,-69.9493,50.6,3.2
2021,7,24,-22.6362,-68.3966,115.7,4
2021,7,22,-21.8496,-68.5923,140.5,4.4
2021,7,21,-21.7051,-68.6885,105.7,4.9
2021,7,21,-20.926,-69.8972,87.7,4.2
2021,7,20,-15.5876,-72.1531,125.4,4.1
2021,7,19,-17.1215,-71.0248,108.5,4.7
2021,7,19,-20.3475,-70.1212,31.6,2.3
2021,7,18,-18.9616,-66.8405,262,4.5
2021,7,18,-18.9973,-69.662,104.5,4.5
2021,7,18,-20.4284,-68.9211,109.5,4.3
2021,7,18,-14.8835,-71.5965,110.8,4.9
2021,7,17,-19.7885,-67.0655,241.9,4.4
2021,7,17,-23.4599,-67.0011,234.9,4.2
2021,7,17,-21.7241,-68.5461,145.2,4.7
2021,7,14,-21.7132,-68.525,129,4.3
2021,7,13,-22.1176,-67.4978,190.8,4.5
2021,7,11,-15.611,-71.5391,125.8,4.7
2021,7,10,-21.3704,-69.9135,58.9,4.1
2021,7,10,-13.8262,-72.3983,71.6,4.1
2021,7,10,-22.949,-66.175,250.6,4.4
2021,7,9,-12.7475,-73.9044,60.4,5
2021,7,9,-20.3089,-68.6887,106.9,5.2
2021,7,8,-21.9559,-68.6577,124.7,4.4
2021,7,8,-18.463,-71.2286,55.1,5.2
2021,7,8,-19.7751,-69.414,101.3,4.1
2021,7,7,-21.1391,-68.7014,118.3,4.7
2021,7,7,-22.5947,-68.8073,108.7,4.1
2021,7,6,-17.7051,-69.9062,157.8,4.1
2021,7,3,-20.1735,-69.1721,91.8,4.3
2021,7,2,-21.3917,-68.7373,125.9,4
2021,7,2,-20.9181,-68.9103,104.5,4
2021,7,2,-18.132,-71.9832,12.6,4.3
2021,6,30,-22.6379,-66.6134,214.7,4.7
2021,6,30,-14.7044,-74.3898,81.4,4.1
2021,6,30,-21.2011,-68.7401,123.3,4
2021,6,29,-21.4082,-67.3362,184.4,4.4
2021,6,28,-22.0112,-67.4079,213,4.3
2021,6,28,-17.5951,-69.7698,10,4.5
2021,6,27,-19.7679,-70.4253,24.2,3.4
2021,6,27,-22.2771,-70.0726,66.4,4.4
2021,6,27,-21.3541,-68.4073,109.6,4.3
2021,6,27,-21.4666,-66.8175,242.5,4.2
2021,6,26,-22.4266,-68.6804,122.7,3.8
2021,6,26,-21.6732,-68.4644,110.5,4.3
2021,6,26,-18.4855,-69.3274,127.4,4.5
2021,6,24,-20.0064,-69.0418,96,4.5
2021,6,24,-15.5729,-72.0706,134.5,4.3
2021,6,23,-22.7776,-66.6905,237,4.7
2021,6,22,-22.5128,-70.4041,31.5,4.1
2021,6,21,-22.5326,-66.4588,263.8,4.2
2021,6,20,-21.5315,-68.615,135.3,4.2
2021,6,18,-21.5239,-69.6851,13,4.3
2021,6,15,-14.7635,-72.5513,80.6,4.6
2021,6,13,-16.0852,-71.4623,137.5,4.9
2021,6,12,-15.5782,-70.9041,202.4,4.2
2021,6,12,-20.8264,-68.8273,117.8,4.5
2021,6,12,-23.4187,-66.9053,226.5,4.4
2021,6,12,-19.3649,-69.1649,112.5,4.1
2021,6,8,-16.5999,-74.0539,10,4.5
2021,6,8,-16.6885,-74.155,10,4.8
2021,6,5,-22.3429,-68.6429,114.1,4
2021,6,5,-21.2826,-68.8968,128.8,4.1
2021,6,4,-15.9226,-75.5233,10,4.5
2021,6,4,-21.4414,-70.5919,52,4.6
2021,6,4,-21.4345,-66.873,250.5,4.3
2021,6,3,-15.7414,-75.4396,4.9,4.6
2021,6,2,-21.7381,-68.6721,139.4,4
2021,6,1,-21.4751,-66.7478,228.1,5.3
2021,5,31,-17.4489,-69.9582,10,4.6
2021,5,31,-23.3629,-71.8208,10,4.5
2021,5,31,-18.2537,-69.7331,128.2,4.3
2021,5,30,-15.9533,-73.8133,58,4.7
2021,5,30,-18.8761,-69.5464,115,4.3
2021,5,29,-18.9916,-69.6292,107,4.3
2021,5,29,-17.4226,-69.8904,10,4.7
2021,5,28,-21.6802,-68.4869,163,4.3
2021,5,27,-19.2158,-69.5193,104.6,4.5
2021,5,26,-19.9968,-69.2001,97.5,4.1
2021,5,26,-14.6938,-75.3979,50.6,4.4
2021,5,25,-20.2432,-69.2683,109.2,4.2
2021,5,24,-21.17,-70.0201,45.6,4.2
2021,5,22,-17.5552,-69.8168,10,4.2
2021,5,22,-16.9879,-71.4513,51.4,4.6
2021,5,22,-17.399,-69.904,6.1,4.9
2021,5,21,-20.9452,-68.8306,104.3,4.2
2021,5,20,-22.209,-68.5197,114.8,5.2
2021,5,20,-22.3558,-68.8939,112.7,4
2021,5,19,-21.3674,-66.7133,225.6,4.4
2021,5,19,-10.9556,-73.8872,109.9,4.4
2021,5,19,-22.8886,-66.5858,229.2,4.2
2021,5,19,-17.4098,-69.8248,10,4.4
2021,5,18,-15.1558,-74.8353,62.6,4.1
2021,5,18,-17.2155,-70.0349,21,4.6
2021,5,18,-15.9794,-74.3147,39.6,4.2
2021,5,18,-16.2743,-72.4483,78.3,4.3
2021,5,18,-17.3512,-69.9961,10,4.1
2021,5,17,-21.1556,-68.7857,122.6,4.1
2021,5,17,-21.2746,-68.8929,123.9,4.9
2021,5,16,-17.5176,-69.8722,10,4.2
2021,5,15,-20.9693,-67.6591,186,4.3
2021,5,14,-17.4616,-69.8535,10,4.2
2021,5,14,-21.6646,-68.5251,137.8,4.2
2021,5,13,-19.5782,-68.6937,134.9,4.4
2021,5,13,-14.8815,-73.0146,88.1,4.3
2021,5,12,-17.5091,-69.8165,10,4
2021,5,12,-17.2713,-70.0644,10,5.4
2021,5,12,-22.1504,-68.5722,113.2,4.4
2021,5,12,-17.4766,-69.8525,10,4.4
2021,5,11,-19.3256,-67.7921,224.5,4.2
2021,5,11,-21.5643,-68.4904,143.2,4.3
2021,5,11,-20.2194,-69.2082,85.5,3.8
2021,5,11,-15.8784,-70.134,223.9,4.2
2021,5,10,-17.5208,-69.8346,10,3.8
2021,5,10,-10.0859,-75.4545,39.1,4.7
2021,5,10,-17.2899,-69.8687,10,4.4
2021,5,10,-17.3764,-69.8253,10,4.2
2021,5,8,-21.8836,-67.4376,228.8,4.6
2021,5,7,-21.9266,-68.7616,116.7,4.6
2021,5,6,-21.2614,-68.4751,106.6,4.6
2021,5,6,-17.0567,-70.7289,90.4,4.1
2021,5,6,-22.1531,-68.5794,117.3,4.4
2021,5,4,-20.674,-70.1736,31.8,3.8
2021,5,4,-22.4862,-67.6975,187.2,4.3
2021,5,4,-22.8521,-68.7582,108.9,4.4
2021,5,4,-20.6775,-70.2514,65.8,2.7
2021,5,4,-14.2485,-72.7905,73.7,4.1
2021,5,3,-15.0374,-72.5905,102.2,4.6
2021,5,3,-19.4137,-69.3983,96.5,4
2021,4,30,-16.8508,-73.0714,35,4.1
2021,4,30,-17.4202,-69.9415,10,4.1
2021,4,30,-17.3007,-69.8443,10,4.4
2021,4,30,-17.3278,-69.7206,10,4.1
2021,4,30,-22.7456,-66.1312,250,4.7
2021,4,29,-23.2035,-68.7386,99.7,4.7
2021,4,29,-17.3999,-69.894,10,4.7
2021,4,28,-22.1239,-63.6372,523.2,4.5
2021,4,28,-20.9139,-68.8264,103.9,4.2
2021,4,27,-20.0254,-69.3241,107.8,4.2
2021,4,26,-15.6443,-71.3953,130.1,4.8
2021,4,26,-23.3912,-66.8027,201,4.2
2021,4,25,-15.5958,-74.5673,12.9,5.5
2021,4,25,-19.6919,-70.1209,51.7,4.3
2021,4,25,-17.3902,-69.9106,10,4.3
2021,4,24,-16.5096,-73.0866,66,4.2
2021,4,24,-19.6397,-69.2822,100.5,4.2
2021,4,22,-21.7635,-68.616,117.6,4.1
2021,4,22,-15.6079,-72.6422,131.2,4.2
2021,4,21,-22.747,-66.8872,256.6,4.5
2021,4,21,-21.3449,-71.3875,10,4.2
2021,4,21,-19.7506,-68.9624,107,4.2
2021,4,19,-17.5596,-70.713,105.5,4.2
2021,4,19,-21.2731,-68.8472,117.3,4.4
2021,4,19,-15.8689,-69.7422,243.6,4.5
2021,4,19,-17.7617,-70.5489,27.8,4.5
2021,4,18,-22.7331,-66.4281,276.5,4.5
2021,4,18,-22.0733,-68.7212,137.2,4.2
2021,4,18,-15.9226,-72.064,35,4.1
2021,4,17,-16.8498,-72.3766,43.2,4.6
2021,4,17,-21.7465,-68.7083,117.6,4.1
2021,4,16,-19.4935,-69.4015,100.1,4.4
2021,4,15,-22.3062,-69.8762,57.8,4
2021,4,14,-20.0645,-69.9485,65,3.6
2021,4,14,-21.1865,-68.7143,137.5,4.3
2021,4,14,-21.3542,-66.8061,238.4,4
2021,4,12,-22.6486,-66.49,219.7,4.5
2021,4,11,-15.9308,-72.4695,114.3,4.3
2021,4,11,-21.1907,-67.9707,176.4,4.5
2021,4,10,-17.1225,-71.3209,96.7,4
2021,4,7,-23.3498,-66.8972,211.4,3.8
2021,4,7,-16.2338,-70.5235,162.6,4.4
2021,4,7,-23.3354,-66.5983,195.8,4.2
2021,4,6,-21.0922,-68.9679,120.1,3.9
2021,4,2,-20.9355,-69.2939,84.4,4.2
2021,4,1,-13.9278,-72.7032,60.1,4.2
2021,4,1,-19.6887,-68.9278,130.9,4.5
2021,3,31,-16.3389,-72.3496,81.1,4.9
2021,3,31,-20.562,-67.1689,203.5,4.6
2021,3,28,-20.2736,-70.2774,33.2,4
2021,3,28,-15.3296,-71.944,123.7,4.6
2021,3,28,-17.3194,-70.0611,139.7,4.3
2021,3,27,-19.8695,-69.9138,66.2,4.5
2021,3,26,-15.7487,-71.5275,150,4.4
2021,3,25,-22.5234,-66.1209,238.4,4.3
2021,3,24,-20.0721,-70.3076,35,3.1
2021,3,22,-21.293,-67.2599,189.8,4.4
2021,3,22,-22.9458,-66.513,245.6,4.5
2021,3,22,-20.4747,-69.6887,31.1,3.6
2021,3,21,-19.4904,-63.9926,599.1,5.3
2021,3,21,-22.7123,-67.0638,200.3,4.6
2021,3,21,-21.2056,-67.2208,186,4.7
2021,3,21,-20.1695,-70.5728,38.2,4.1
2021,3,20,-15.0968,-72.3167,148.8,4.2
2021,3,20,-22.9604,-70.0065,52.7,4.6
2021,3,17,-12.4289,-74.9591,83.7,4.2
2021,3,16,-15.8182,-74.5489,35,4
2021,3,15,-14.8644,-74.4077,63,4.2
2021,3,15,-19.7016,-69.3065,104.3,4.3
2021,3,14,-17.6477,-69.8063,10,4.3
2021,3,14,-15.4955,-70.2397,198.3,4.5
2021,3,13,-22.9305,-69.7067,71.5,4.4
2021,3,11,-23.0222,-66.7668,228,4.5
2021,3,10,-14.1876,-71.4629,10,4.2
2021,3,10,-19.6572,-66.6783,265.1,4.1
2021,3,9,-22.8086,-69.2789,88.8,3.9
2021,3,8,-20.7603,-69.8625,66.4,3.8
2021,3,8,-19.0531,-69.3772,121.4,4.1
2021,3,7,-16.6599,-71.3083,135.6,4
2021,3,7,-17.543,-69.8065,10,4.5
2021,3,6,-15.947,-72.5316,10,4.7
2021,3,6,-18.688,-69.3554,144,4.3
2021,3,5,-23.1091,-67.0352,230.1,4.2
2021,3,1,-17.737,-72.6114,10,4.5
2021,2,28,-22.1267,-63.7553,529,4.5
2021,2,28,-22.3731,-68.515,122.3,4.6
2021,2,28,-17.581,-72.5179,14,5.5
2021,2,27,-23.0833,-67.9032,134.4,4.3
2021,2,26,-20.3426,-69.1156,107,4.4
2021,2,24,-22.4452,-67.716,172.5,4.4
2021,2,24,-22.0646,-65.9271,272.4,4.3
2021,2,23,-20.0742,-69.0943,110.5,4.4
2021,2,21,-21.1198,-68.6871,144.6,4.5
2021,2,20,-21.1556,-68.7839,131.2,4.3
2021,2,20,-21.0813,-70.6408,42.4,3.5
2021,2,19,-17.9371,-69.6781,142,4.1
2021,2,19,-22.0071,-68.5725,135.1,4.3
2021,2,16,-21.1775,-67.2931,198.4,4.5
2021,2,16,-20.8047,-68.4384,171.5,4.1
2021,2,15,-20.1086,-70.225,39.9,3.6
2021,2,15,-23.0028,-66.2517,242.7,4.3
2021,2,15,-17.5833,-69.823,10,4.4
2021,2,15,-19.7571,-69.4387,96.2,4.4
2021,2,14,-21.3926,-69.8532,42.1,4
2021,2,14,-21.9848,-66.0437,262.7,4.3
2021,2,13,-20.4959,-70.669,13.7,5.2
2021,2,10,-19.3912,-71.1981,10,4.4
2021,2,10,-15.5175,-71.7284,143.1,4.2
2021,2,9,-18.6296,-69.9897,96.2,4.8
2021,2,9,-23.1507,-66.3535,224.2,4.4
2021,2,8,-16.4072,-71.9155,100.1,5
2021,2,7,-21.0254,-69.1671,107.4,4.2
2021,2,6,-20.1058,-70.1887,50.9,3.7
2021,2,6,-20.7837,-65.532,344.7,4.2
2021,2,6,-19.9694,-71.1212,42.4,4.4
2021,2,4,-16.6564,-69.776,194.4,4.2
2021,2,4,-21.1342,-67.959,167.3,4.4
2021,2,3,-15.1717,-72.1367,126.1,4.1
2021,2,2,-15.1406,-72.054,182.8,4.4
2021,2,1,-17.3434,-70.8175,119.8,4.2
2021,2,1,-19.6469,-66.9865,269.5,4.2
2021,1,31,-21.1257,-68.6639,126.7,4.1
2021,1,30,-19.9628,-70.3413,58.4,5.2
2021,1,30,-18.2553,-69.7524,116.8,4.5
2021,1,28,-18.6236,-67.0716,258,4.3
2021,1,26,-19.9355,-69.7866,64.8,4
2021,1,26,-18.5681,-69.3737,135.4,4.2
2021,1,25,-23.468,-66.721,211,4.5
2021,1,24,-19.883,-66.9989,256.9,4.4
2021,1,24,-15.152,-71.9958,102.5,4.1
2021,1,23,-21.8605,-67.0964,199.8,4
2021,1,22,-20.2475,-70.024,44.2,2.9
2021,1,21,-14.94,-75.5263,10,4.8
2021,1,20,-14.9354,-75.5488,10,5.3
2021,1,20,-15.0155,-75.5223,7.9,5.5
2021,1,20,-14.9977,-75.5846,10,4.8
2021,1,20,-14.9396,-75.557,18.2,5.1
2021,1,19,-22.9641,-66.4356,279.1,4.2
2021,1,19,-23.3915,-66.9452,234.8,4.2
2021,1,19,-17.2452,-72.3851,45.5,4.7
2021,1,18,-23.0737,-66.5528,224.8,4.3
2021,1,13,-20.5928,-66.5275,249.1,4.1
2021,1,13,-23.6925,-64.7452,24.7,4.6
2021,1,12,-21.738,-68.7077,117.3,4.9
2021,1,12,-20.9288,-68.8668,105.6,4.1
2021,1,10,-22.4888,-68.4786,105.1,4.8
2021,1,10,-18.5811,-69.5384,117.3,4.2
2021,1,9,-21.017,-69.4803,96.7,4.1
2021,1,9,-23.6308,-66.8749,211.3,4.5
2021,1,8,-20.3253,-69.9239,43.4,2.6
2021,1,7,-23.3582,-68.5155,109.1,4.2
2021,1,6,-19.5308,-69.2288,101.4,4.8
2021,1,6,-23.0958,-66.4782,212.2,4.6
2021,1,4,-17.2356,-64.431,59.9,4.5
2021,1,4,-19.7552,-69.5327,98.6,4.8
2021,1,2,-23.4957,-68.8815,96.1,4.5
2021,1,2,-22.7534,-68.7585,113,4.4
2021,1,1,-23.501,-68.7724,111.6,4.5
2021,1,1,-15.5297,-73.6546,73.6,4.4
2020,12,31,-22.9622,-66.5889,260.6,4.6
2020,12,31,-16.9667,-73.9851,37.1,4.5
2020,12,31,-15.9227,-75.2599,10,4.4
2020,12,27,-19.0736,-69.412,109.9,5.1
2020,12,27,-22.4428,-67.7986,192.3,4.3
2020,12,27,-16.0229,-74.3083,39,5.7
2020,12,27,-21.2867,-68.5616,135.4,4.2
2020,12,26,-11.3718,-73.3054,10,4.9
2020,12,26,-22.5617,-66.0796,235.3,4.5
2020,12,26,-23.205,-66.5527,232.5,4.6
2020,12,25,-17.5224,-71.2484,75.9,4.5
2020,12,25,-20.9237,-70.5322,25.4,4.3
2020,12,25,-22.4332,-68.5578,105,4.5
2020,12,24,-22.7175,-66.429,273.6,4.1
2020,12,24,-23.0432,-69.8434,77.9,4.1
2020,12,22,-16.2024,-73.0222,120.6,4.1
2020,12,22,-22.8146,-67.5238,200.1,4.1
2020,12,21,-20.2912,-70.0031,20,1.8
2020,12,21,-22.0228,-68.8022,117.7,4.2
2020,12,20,-22.7065,-68.7053,106.1,4.9
2020,12,20,-22.0051,-68.683,121.3,4
2020,12,20,-15.4757,-71.7612,112.9,4.6
2020,12,20,-16.3922,-73.7091,35,4.6
2020,12,20,-21.6971,-67.2046,176.3,4
2020,12,20,-23.1793,-66.8525,243.8,4.3
2020,12,17,-22.7683,-67.7585,166.4,4.3
2020,12,17,-16.6817,-70.1523,162.7,4.2
2020,12,16,-16.5769,-71.4414,90.2,5.6
2020,12,16,-19.7305,-68.7798,122.5,4.4
2020,12,16,-21.0712,-68.0548,185.2,4.3
2020,12,14,-23.0798,-68.1661,137.7,4.1
2020,12,14,-21.8063,-68.7079,114,6
2020,12,14,-22.9546,-66.8578,232.6,4.2
2020,12,14,-20.8007,-70.3382,69.5,3.9
2020,12,13,-20.8094,-68.8624,103.8,4.3
2020,12,13,-21.2709,-67.2763,198.7,4.4
2020,12,12,-20.7378,-70.8534,35,4.1
2020,12,11,-19.2548,-70.2195,52.3,4.5
2020,12,11,-23.158,-66.8911,217.3,4.5
2020,12,10,-20.6072,-69.2357,115.2,4.5
2020,12,9,-21.1386,-68.8913,118.7,4.6
2020,12,8,-22.2708,-67.57,179.8,4.3
2020,12,8,-18.0851,-69.9643,124.1,4.1
2020,12,7,-19.2403,-70.5097,67.1,3.9
2020,12,6,-20.3662,-69.0663,105,6.1
2020,12,5,-21.4152,-68.795,117.5,4.2
2020,12,5,-22.4421,-70.4507,69.2,4.3
2020,12,3,-15.0354,-72.9787,134.8,4.2
2020,12,3,-21.2643,-68.9031,115.6,4.6
2020,12,2,-22.493,-66.1744,257.5,4.3
2020,12,2,-17.7962,-71.3688,69.5,4.7
2020,12,1,-23.2667,-64.9319,18.8,4.1
2020,12,1,-21.5441,-68.5287,115,4.2
2020,11,30,-21.5732,-68.5588,138.3,4.2
2020,11,29,-23.2639,-65.0339,8,5.7
2020,11,28,-22.0021,-68.5188,137.6,4.1
2020,11,27,-15.2692,-72.9932,101.1,4
2020,11,26,-20.1483,-69.2105,99.2,4.3
2020,11,25,-21.0791,-68.6271,150.5,4.3
2020,11,25,-22.2075,-67.565,220.3,4.1
2020,11,25,-17.3042,-66.2075,10,3.1
2020,11,24,-16.2897,-73.791,30.9,4.3
2020,11,24,-22.4597,-68.689,113.6,4.2
2020,11,23,-22.6077,-66.0839,247.9,4.6
2020,11,20,-18.1833,-69.9993,130.9,4.5
2020,11,20,-21.9314,-68.5055,126.3,4.1
2020,11,20,-14.9984,-71.3498,151.2,4.8
2020,11,19,-20.8605,-67.3513,193,4.4
2020,11,18,-20.3162,-69.0812,101.9,4.8
2020,11,15,-23.3956,-66.7794,214,4.5
2020,11,15,-21.2436,-68.9989,127.5,4.3
2020,11,15,-20.2635,-70.9004,38.6,4.2
2020,11,14,-20.4175,-69.1073,93,5.1
2020,11,14,-20.2477,-70.7924,24,4.3
2020,11,14,-20.263,-70.8365,35,3.6
2020,11,13,-15.7579,-74.5626,67.1,4
2020,11,12,-15.682,-74.5502,52.6,4.3
2020,11,12,-15.2135,-72.4107,96.1,4.3
2020,11,11,-22.0524,-66.023,259.4,4.1
2020,11,10,-21.4681,-66.7059,222.7,4
2020,11,10,-19.2217,-67.628,234.2,4.3
2020,11,9,-22.6504,-66.3686,288.3,4
2020,11,8,-20.6794,-70.8095,10,4.2
2020,11,6,-21.1693,-68.0364,181.5,4.7
2020,11,4,-22.9694,-70.2819,43,4.2
2020,11,3,-18.6532,-69.8458,134.2,4.2
2020,11,3,-21.6173,-68.6221,139.6,4.5
2020,11,1,-19.9522,-71.0781,11.4,4.1
2020,11,1,-21.8066,-68.2013,126.3,4.3
2020,11,1,-18.6705,-69.9055,86.2,4.6
2020,11,1,-22.0559,-65.8815,253.9,4.5
2020,10,31,-21.7714,-68.5317,119.1,4.5
2020,10,30,-10.1762,-75.175,36,5.5
2020,10,30,-20.5731,-68.9759,106.1,4.1
2020,10,30,-22.9625,-66.5392,218.2,4.4
2020,10,29,-19.7109,-69.2404,123.4,4.1
2020,10,29,-17.7271,-69.8051,148.9,4.9
2020,10,28,-21.3581,-69.9184,54,4
2020,10,28,-22.8889,-66.9597,206.8,4.2
2020,10,26,-17.571,-70.9416,105.4,4.4
2020,10,26,-23.3654,-68.5115,110.9,4.4
2020,10,25,-23.2412,-68.5372,118,4.6
2020,10,25,-20.0599,-70.9121,10,4.4
2020,10,25,-20.0028,-70.9648,10,5.3
2020,10,25,-18.6242,-69.5596,118.9,4.1
2020,10,24,-17.745,-69.2529,158.4,4.2
2020,10,22,-21.3831,-69.9117,53.1,3.9
2020,10,21,-19.4899,-70.0331,12.8,4.1
2020,10,20,-18.9386,-69.2021,135.9,4.1
2020,10,20,-15.413,-73.7426,78.6,4.8
2020,10,19,-10.7872,-74.5704,50.3,4.6
2020,10,19,-19.4853,-67.8298,239.9,4.4
2020,10,19,-21.8795,-66.2395,242.9,4.2
2020,10,18,-22.927,-66.2915,228.1,4
2020,10,18,-22.082,-63.7627,537.1,4.1
2020,10,17,-16.4854,-73.4947,40.1,4.7
2020,10,17,-22.5606,-70.3519,29,4.2
2020,10,16,-20.7859,-69.0561,111.5,4.3
2020,10,13,-21.1728,-67.9931,170.9,4.2
2020,10,13,-15.2106,-71.7073,127.1,4.3
2020,10,13,-23.105,-69.3195,96.6,4.6
2020,10,12,-16.4785,-70.9327,129.5,5
2020,10,12,-21.9399,-70.0783,72.2,4.2
2020,10,12,-14.9488,-74.0514,69,4.3
2020,10,12,-20.9132,-68.9687,108.3,4.3
2020,10,11,-23.21,-69.3106,90.5,4.2
2020,10,11,-19.2998,-70.1674,57.2,3.8
2020,10,11,-14.1998,-72.9502,77.3,4.6
2020,10,9,-20.7431,-69.124,98.5,4.3
2020,10,8,-19.074,-69.4566,124.1,4.3
2020,10,6,-21.4095,-69.872,45.7,4
2020,10,6,-15.3166,-72.2307,114.9,4
2020,10,6,-20.7828,-70.1693,44.5,3.7
2020,10,5,-20.2216,-70.3195,34.1,3.7
2020,10,1,-22.5454,-66.3171,250.3,4.5
2020,10,1,-21.0306,-66.9519,254.1,4.1
2020,9,30,-19.4704,-69.3817,106,4.5
2020,9,27,-10.9015,-74.6062,46.5,4.6
2020,9,25,-20.3559,-70.0254,82.9,3.3
2020,9,23,-22.6633,-68.4387,113.7,4
2020,9,22,-21.9284,-68.7071,117.3,4
2020,9,22,-21.7972,-68.4542,126.7,4.9
2020,9,22,-14.2589,-72.8441,66.3,4
2020,9,21,-18.4945,-69.8286,103,4.1
2020,9,21,-20.9034,-68.9705,105.5,4.1
2020,9,20,-15.1691,-71.4685,137.3,4.5
2020,9,19,-21.0147,-68.6698,119.6,5
2020,9,19,-20.4101,-70.2649,66.3,3.9
2020,9,17,-22.4264,-67.5702,167.6,4.1
2020,9,17,-17.592,-69.3451,160.2,4.6
2020,9,15,-11.1172,-73.7561,56.9,4.7
2020,9,15,-22.85,-66.5432,226.2,4.2
2020,9,15,-22.9708,-66.7244,242.7,4.3
2020,9,13,-20.8322,-69.1176,119.9,4.2
2020,9,12,-20.6134,-66.6806,242.3,4.4
2020,9,12,-21.4217,-69.8344,51.4,4.4
2020,9,11,-21.3935,-69.988,47.1,4.5
2020,9,11,-21.4278,-69.9452,45.1,4.5
2020,9,11,-21.3957,-69.9093,51,6.2
2020,9,11,-20.8469,-69.0314,124,4.6
2020,9,10,-21.7066,-68.468,122,4.3
2020,9,10,-14.3886,-73.5903,67.1,4.3
2020,9,9,-23.305,-66.9163,212.4,4.2
2020,9,7,-20.7881,-67.4515,213.2,4.5
2020,9,6,-21.4826,-66.7706,226.6,4.4
2020,9,4,-23.4983,-68.6007,107.2,4.3
2020,9,3,-17.2024,-69.7582,152.1,4.2
2020,9,1,-22.9955,-66.4648,248.4,4.2
2020,8,30,-15.4217,-70.9778,10,4.4
2020,8,28,-22.8417,-66.7087,207.3,4.2
2020,8,28,-20.0066,-69.901,60.9,4.3
2020,8,27,-22.0508,-68.6823,119.6,4.2
2020,8,26,-20.8789,-70.6281,16.2,4.2
2020,8,24,-14.2079,-72.9331,51.1,4.4
2020,8,23,-20.5975,-69.8412,50,3.7
2020,8,21,-21.3835,-66.7809,211.4,4.1
2020,8,21,-19.6301,-69.6125,100.3,4
2020,8,20,-12.9908,-75.0309,84,4.2
2020,8,19,-23.1963,-66.9335,236.3,4.1
2020,8,16,-19.2434,-70.3077,61,5.2
2020,8,15,-20.1828,-70.0206,45.4,3.6
2020,8,15,-19.9614,-69.1951,97.7,4.5
2020,8,14,-15.7174,-72.1373,10,5
2020,8,14,-22.6196,-66.3129,259.3,4.1
2020,8,12,-22.922,-66.7213,254.4,4.5
2020,8,10,-21.3683,-65.706,279,4.1
2020,8,7,-21.1408,-68.5863,155.9,4.1
2020,8,6,-15.8822,-74.8971,27.6,5.5
2020,8,4,-16.7565,-71.2357,114.2,4.2
2020,8,4,-23.6342,-67.0801,225.9,4.3
2020,8,3,-20.4858,-68.873,97.5,4.9
2020,8,3,-19.5994,-69.2556,104.2,5.5
2020,8,2,-19.7947,-69.8691,30.8,3.9
2020,8,2,-21.3128,-68.7204,138,4.3
2020,8,1,-16.3434,-72.603,79.7,5.1
2020,7,31,-20.2468,-70.2832,31.3,3.1
2020,7,31,-14.1925,-72.9372,61.2,5
2020,7,30,-20.847,-68.9291,124.9,4.5
2020,7,30,-21.9155,-68.8048,121.4,4
2020,7,29,-15.6994,-74.3119,63.5,4.3
2020,7,29,-10.3324,-75.005,46.2,4.9
2020,7,29,-17.6093,-69.7789,10,4.1
2020,7,28,-16.8131,-72.4625,77.4,4.9
2020,7,28,-22.4737,-66.0453,254.1,4.3
2020,7,26,-17.5498,-69.8281,10,4.5
2020,7,26,-17.6096,-69.7437,10,4.1
2020,7,26,-17.5168,-69.8323,16.8,4.8
2020,7,26,-17.468,-69.8851,10,4.4
2020,7,26,-17.5082,-69.7816,10,4.1
2020,7,26,-17.5426,-69.8422,10,4.5
2020,7,26,-17.5587,-69.8337,15,4.3
2020,7,25,-17.5069,-69.8917,10,4.1
2020,7,25,-17.4809,-69.8895,10,4.9
2020,7,24,-20.9306,-68.8363,107.6,4.1
2020,7,24,-20.4322,-69.2008,114,4.1
2020,7,24,-16.3682,-73.8191,35,4.4
2020,7,23,-17.5738,-70.9147,109.9,4.2
2020,7,23,-22.3472,-67.1159,168.9,4.3
2020,7,22,-16.4007,-73.8964,35,4.9
2020,7,22,-21.8286,-68.7196,125.2,4.3
2020,7,21,-21.3918,-68.749,102.9,4.3
2020,7,21,-22.1976,-68.5687,121.7,4.9
2020,7,21,-19.1271,-69.5763,102.7,4.3
2020,7,21,-21.9288,-68.6582,131.3,4
2020,7,21,-20.6862,-70.1472,39.1,3.5
2020,7,20,-23.1201,-66.57,208,3.9
2020,7,20,-21.8767,-68.5665,127.3,4.1
2020,7,20,-23.3257,-68.5687,113.9,4.2
2020,7,20,-21.1953,-68.5485,132.4,4.1
2020,7,19,-20.2868,-70.1587,65.7,4.8
2020,7,19,-18.7786,-67.8614,192.6,4.6
2020,7,18,-20.7011,-70.7862,35,4.2
2020,7,17,-23.0355,-66.6507,248.1,4.5
2020,7,17,-20.2349,-70.1306,74.2,5.9
2020,7,17,-16.7327,-71.9099,108.2,4.3
2020,7,16,-16.0233,-72.4564,99.8,4.2
2020,7,16,-23.077,-69.3441,84.8,4
2020,7,16,-22.8297,-70.2289,60,4.3
2020,7,16,-20.1432,-70.3126,37.5,3.2
2020,7,15,-20.1678,-70.2718,42.1,4
2020,7,15,-16.3791,-73.9111,21.2,4.5
2020,7,14,-20.9476,-68.743,122.3,4
2020,7,13,-21.1146,-68.8763,116.9,4.2
2020,7,13,-17.4889,-70.9339,75.8,4.5
2020,7,10,-20.9697,-69.3526,59.8,4.1
2020,7,8,-17.5151,-69.9517,10,4.3
2020,7,7,-19.0682,-69.5198,124.8,4.3
2020,7,7,-20.5254,-70.4448,35,4.1
2020,7,5,-22.9693,-68.1547,130.4,4.3
2020,7,4,-18.8199,-69.5638,116.2,4.2
2020,7,3,-23.0163,-66.5462,207.8,4.4
2020,6,29,-18.9254,-63.8484,37.7,5
2020,6,29,-18.9518,-63.8118,35,5
2020,6,29,-15.9797,-71.8308,120,4.4
2020,6,28,-18.9386,-69.6431,116.3,4.2
2020,6,28,-22.0315,-66.0223,275.4,4.4
2020,6,28,-21.8162,-68.4981,124.5,4.3
2020,6,27,-20.1899,-70.6301,18.1,4.9
2020,6,25,-19.9889,-70.1098,44.3,3.5
2020,6,22,-22.679,-68.2103,126.6,4.2
2020,6,22,-20.5155,-69.8584,85.4,3.4
2020,6,19,-21.4848,-68.5385,153,4.4
2020,6,19,-20.375,-70.1874,35,3
2020,6,17,-23.3495,-68.4931,98.5,4.2
2020,6,16,-23.2758,-68.5679,108.9,4.5
2020,6,15,-21.9719,-67.3174,192.1,4.7
2020,6,15,-15.08,-73.1909,89.1,4.3
2020,6,11,-18.7952,-67.1246,246.9,4.3
2020,6,10,-16.7273,-69.5449,204.2,4.5
2020,6,10,-21.4709,-68.3977,118.6,4.5
2020,6,9,-21.4696,-66.7434,211.1,4.5
2020,6,7,-23.2486,-68.5146,120.1,4.5
2020,6,6,-22.062,-69.3472,82.5,4.1
2020,6,6,-21.8116,-68.371,137.6,4
2020,6,5,-21.731,-68.5373,136.6,4.3
2020,6,4,-20.7376,-69.2094,118.6,4
2020,6,3,-23.0864,-70.465,29.2,4.1
2020,6,3,-23.3547,-68.4336,107.3,4.6
2020,6,3,-23.2818,-68.4716,112,6.8
2020,6,3,-22.2686,-69.3141,101.3,4.1
2020,6,2,-17.3353,-69.2858,163.5,4.9
2020,5,31,-21.3999,-68.5881,123.8,4
2020,5,31,-15.3164,-70.7643,186,6.1
2020,5,31,-21.3927,-68.675,113.6,4.4
2020,5,31,-16.8472,-69.5555,198.7,4.5
2020,5,29,-23.2182,-66.1858,213.8,4.8
2020,5,29,-18.3291,-69.2638,140.8,4.6
2020,5,26,-22.6074,-66.4387,276.1,4.5
2020,5,26,-22.2701,-67.3655,162.7,4.6
2020,5,26,-20.4948,-69.1996,81.1,4
2020,5,25,-22.795,-66.2722,254,4.3
2020,5,25,-22.8432,-68.6933,108.5,4.1
2020,5,24,-19.6723,-69.5008,102.2,4.1
2020,5,24,-20.1787,-69.9218,47.3,3.2
2020,5,24,-18.7269,-69.254,126.1,4
2020,5,24,-16.3673,-75.0082,10,4.3
2020,5,23,-21.3081,-67.65,198.4,4.2
2020,5,23,-19.5977,-69.7698,74.5,4.1
2020,5,23,-19.7525,-70.3526,40.7,3.7
2020,5,22,-22.9595,-69.0494,94,4.9
2020,5,22,-13.5533,-74.7067,62.4,4.4
2020,5,22,-20.3786,-69.1884,91.8,3.3
2020,5,20,-21.0928,-68.7368,103.9,4.3
2020,5,20,-20.5334,-69.1829,103.1,4.1
2020,5,19,-19.1842,-69.2246,121,4.2
2020,5,19,-14.4895,-72.9009,67.2,4.6
2020,5,18,-21.4902,-68.3988,126,4.2
2020,5,18,-19.451,-68.1433,220.4,4.4
2020,5,18,-19.9473,-70.0688,48.7,4.8
2020,5,16,-17.7024,-69.7579,149,4.3
2020,5,16,-13.1272,-75.223,84.7,4.2
2020,5,15,-15.523,-74.2606,81.1,4.7
2020,5,13,-17.6477,-69.5694,162.8,4.2
2020,5,12,-20.185,-69.1472,104.1,4.7
2020,5,12,-20.8147,-65.3204,333.8,4.3
2020,5,11,-22.6914,-68.4065,109.2,4.3
2020,5,11,-15.9602,-75.1228,18.9,4.6
2020,5,11,-21.5076,-66.9104,241.2,4.3
2020,5,11,-21.0933,-70.3676,43.7,4.5
2020,5,10,-22.7558,-68.0677,107.3,5.4
2020,5,10,-19.0713,-63.6603,10,4.3
2020,5,9,-19.1562,-69.0489,120.9,4.6
2020,5,9,-22.4754,-68.2175,97.1,4
2020,5,8,-23.2153,-68.848,90.5,5
2020,5,7,-22.8868,-68.1368,122.5,4.6
2020,5,6,-21.1325,-68.4677,145.3,4.1
2020,5,6,-19.3548,-70.4824,63.5,5.1
2020,5,4,-16.9393,-72.4874,69.7,4.5
2020,5,4,-20.5142,-69.2049,93.7,4.6
2020,5,3,-21.7404,-68.639,119.1,4.2
2020,5,3,-17.3824,-69.4703,169.1,4.2
2020,5,3,-15.2734,-70.4586,184.2,5.7
2020,5,1,-15.6248,-70.1739,247.5,4.3
2020,4,30,-22.6597,-67.9997,108.9,5.3
2020,4,30,-19.1542,-67.3185,232.3,4.4
2020,4,29,-22.3471,-68.92,122.8,4.1
2020,4,29,-23.2797,-66.6103,195,4.9
2020,4,29,-16.2065,-71.8499,293.5,4.3
2020,4,28,-23.3556,-67.0456,212,4.4
2020,4,28,-14.2355,-73.475,80.3,4
2020,4,27,-22.3725,-67.5897,165.5,4.2
2020,4,26,-20.4223,-68.929,113.5,4
2020,4,26,-9.878,-75.1318,119.2,4.6
2020,4,26,-19.925,-70.132,45.4,3.8
2020,4,25,-20.4873,-70.4459,27.3,3.6
2020,4,25,-20.5172,-70.4304,25.3,4.3
2020,4,25,-21.4049,-68.5932,122.7,4.2
2020,4,25,-18.6421,-69.7767,94.6,4.2
2020,4,25,-21.3626,-67.4382,170.5,4
2020,4,24,-18.0259,-69.4425,142.7,4.2
2020,4,22,-22.9742,-66.7603,241.8,4
2020,4,21,-17.6957,-69.1509,166,4.1
2020,4,18,-22.3694,-68.8075,120.4,4
2020,4,17,-15.4357,-72.0479,118.5,4.2
2020,4,15,-19.7141,-70.4857,64.3,4.6
2020,4,15,-20.2065,-69.2021,95.5,4.8
2020,4,14,-23.1204,-66.8896,241.2,4.1
2020,4,13,-15.8021,-71.8461,67.4,4.3
2020,4,13,-14.2634,-73.2125,69.8,5.2
2020,4,13,-19.3258,-69.9862,69.2,4.1
2020,4,13,-22.945,-70.5919,23.4,4.3
2020,4,12,-19.2349,-70.1289,30.7,3.9
2020,4,10,-10.4467,-73.7369,159.9,4.2
2020,4,10,-21.0846,-68.9305,114,4.4
2020,4,9,-18.18,-69.611,141.9,5
2020,4,8,-15.6247,-70.2636,226.2,4.3
2020,4,8,-15.8221,-72.6483,90.3,4
2020,4,8,-21.8026,-67.5011,201.6,4.4
2020,4,8,-21.7087,-68.5621,131,4.2
2020,4,7,-21.1469,-68.6981,134.1,4.1
2020,4,5,-20.129,-70.119,50.2,4.3
2020,4,4,-20.6796,-68.8581,109.4,4.2
2020,4,2,-18.5445,-70.6699,35,4.3
2020,4,2,-20.0056,-69.1367,99.6,4.6
2020,4,1,-22.8091,-70.3939,33.6,4.6
2020,3,31,-22.0064,-68.5455,114.1,4.2
2020,3,31,-17.9984,-69.9744,126.9,4.3
2020,3,31,-23.5365,-64.3065,28,4.1
2020,3,30,-21.4309,-69.4962,29.9,4.4
2020,3,26,-10.0791,-74.1036,141.6,4.1
2020,3,26,-19.4448,-69.2018,115.2,4.2
2020,3,25,-22.4897,-66.3408,248.5,4.3
2020,3,24,-23.3583,-67.0925,213.9,4.2
2020,3,24,-21.2566,-68.2332,143.4,4.6
2020,3,23,-18.8106,-70.0228,71.9,4.7
2020,3,19,-20.9215,-67.2693,195.1,4.3
2020,3,19,-19.0659,-70.1252,70.3,4.3
2020,3,18,-17.9086,-72.6422,10,4.4
2020,3,17,-20.1912,-69.238,93.4,4
2020,3,15,-21.905,-68.6721,117.8,4.3
2020,3,15,-21.2704,-68.8115,110.8,4.3
2020,3,15,-20.557,-69.1747,110.8,4.1
2020,3,14,-18.5292,-69.7391,131.3,4.3
2020,3,14,-21.5229,-66.6812,197.1,4.2
2020,3,13,-19.9306,-69.2739,102.7,5.2
2020,3,12,-22.1711,-67.4751,205.6,4.3
2020,3,11,-21.6214,-68.3999,100.9,4.6
2020,3,10,-22.1116,-67.8732,151.3,5.1
2020,3,9,-21.4679,-66.5927,204,4.3
2020,3,8,-21.8075,-67.3416,208.7,4.1
2020,3,8,-18.0077,-67.0147,285.1,4.3
2020,3,6,-23.2794,-66.9645,228.1,4.1
2020,3,6,-21.3096,-69.8879,48.4,4.5
2020,3,5,-22.9287,-65.9727,259.7,4.4
2020,3,4,-15.2213,-74.2487,75.5,4.3
2020,3,4,-15.3483,-74.4313,71,4.4
2020,3,4,-16.1411,-75.4082,10,4.1
2020,3,3,-14.771,-71.7004,131.4,4.1
2020,3,3,-21.2577,-67.2356,175.2,4.4
2020,3,3,-16.2967,-73.4064,40.5,4.9
2020,3,2,-18.1133,-70.544,58.1,4.9
2020,3,2,-20.037,-70.8998,17,4.1
2020,3,2,-20.4157,-69.2996,90.2,4.2
2020,3,2,-10.9123,-73.8746,123,4.1
2020,3,1,-21.1414,-68.3778,122.6,4.4
2020,2,29,-21.9591,-68.485,101.6,4.5
2020,2,27,-23.6835,-64.6288,31.1,4.9
2020,2,26,-18.9019,-69.3247,118.7,4.4
2020,2,26,-21.3922,-67.2189,191.7,4.4
2020,2,25,-23.0505,-69.4021,75.9,4.6
2020,2,24,-21.7791,-67.5562,233.5,4.1
2020,2,22,-17.5025,-63.9214,10,4.1
2020,2,20,-16.7783,-72.0921,65.8,4.4
2020,2,18,-21.5823,-68.5002,123.1,4
2020,2,18,-20.7677,-69.3199,86.1,4.5
2020,2,18,-19.1429,-70.5855,54.8,4
2020,2,18,-20.9038,-68.0078,150.7,4.2
2020,2,16,-21.932,-68.4679,104.1,5.2
2020,2,14,-16.6992,-73.0849,50.5,4.9
2020,2,13,-22.7305,-69.0969,89.4,4.1
2020,2,13,-21.2433,-69.1511,96.9,4.1
2020,2,13,-20.9443,-70.8962,10,4.4
2020,2,13,-20.9437,-70.8282,10,5
2020,2,13,-15.9795,-74.667,35,5.1
2020,2,13,-15.0552,-71.9604,124.7,4.3
2020,2,11,-20.944,-70.7406,10,4
2020,2,11,-20.9665,-70.7999,10,4.6
2020,2,11,-21.0628,-68.8849,121.6,4.1
2020,2,9,-16.9133,-69.4967,184.6,4.1
2020,2,8,-23.2915,-66.8039,208.1,4.5
2020,2,8,-20.8279,-68.7137,108.3,5.2
2020,2,7,-22.8646,-68.7742,124.5,4.4
2020,2,4,-22.886,-68.228,129.7,4.6
2020,1,29,-23.3357,-66.7714,241.4,4.1
2020,1,29,-18.2929,-69.4286,142.4,4.2
2020,1,29,-21.2168,-67.8564,163.6,3.9
2020,1,28,-20.3386,-68.7436,119.9,4.4
2020,1,28,-21.54,-66.6974,246.6,4
2020,1,26,-21.995,-65.8973,267.3,5.3
2020,1,25,-16.5985,-69.9969,204.1,4.4
2020,1,24,-18.2401,-69.6678,117.3,4.7
2020,1,24,-17.3895,-71.0157,82.3,5.3
2020,1,24,-22.8132,-68.7031,116.2,4.2
2020,1,22,-22.8564,-63.7642,512.9,4.5
2020,1,22,-22.9393,-63.7807,533,4.7
2020,1,22,-19.9664,-70.3422,35,3.1
2020,1,20,-19.3863,-69.315,113.3,4.5
2020,1,20,-21.0687,-68.5055,152.8,4.1
2020,1,19,-23.4459,-66.7317,206.4,4.5
2020,1,18,-17.0713,-71.2827,92.3,4.5
2020,1,17,-15.5292,-70.2253,237.7,4.5
2020,1,17,-19.0212,-69.1951,121.1,4.5
2020,1,17,-15.7353,-72.3504,113.9,4.1
2020,1,16,-19.9162,-69.0994,99.8,4.5
2020,1,16,-21.1391,-68.6852,113.8,4.2
2020,1,14,-23.4712,-66.8978,247.7,4.2
2020,1,14,-21.56,-66.8888,252.9,4.1
2020,1,14,-23.2945,-68.7743,99.3,4.2
2020,1,14,-21.7351,-68.2737,109.1,5
2020,1,12,-21.9291,-67.4718,189.4,4.9
2020,1,12,-23.706,-68.278,131.4,4.2
2020,1,12,-23.1012,-67.0223,252.9,4
2020,1,12,-21.893,-68.6241,119.3,4
2020,1,12,-20.8227,-70.0463,53.6,4.6
2020,1,11,-17.6278,-70.2023,115.5,4.2
2020,1,9,-19.78,-71.1126,10,4.1
2020,1,9,-21.6965,-68.4803,118.2,4.5
2020,1,9,-19.6448,-70.0633,46,4.2
2020,1,9,-21.9101,-68.4786,131.1,4.1
2020,1,8,-16.7059,-71.3115,123,4.2
2020,1,8,-15.7731,-70.2216,222.7,4.2
2020,1,8,-20.4299,-68.7106,102.1,5.2
2020,1,8,-21.0313,-68.3504,152.8,4.1
2020,1,7,-23.4993,-66.8278,219.2,4.4
2020,1,6,-23.5287,-66.9664,223,4.2
2020,1,5,-19.1942,-67.7016,263.4,4.4
2020,1,2,-20.6292,-68.8686,121.8,4.1
2020,1,1,-22.9587,-66.3645,245.8,4.3
2020,1,1,-21.079,-68.389,139.3,4.3
2020,1,1,-22.7979,-70.7215,10,4
2019,12,29,-22.3334,-68.8448,116.9,4.3
2019,12,29,-10.8774,-74.7925,52.6,4.6
2019,12,29,-21.1137,-67.5731,205.3,4.1
2019,12,29,-14.8162,-71.9232,114.5,4.6
2019,12,27,-23.3026,-69.3752,83.8,4.2
2019,12,26,-21.0982,-70.4872,44.5,4.3
2019,12,26,-16.2943,-72.9001,109.6,4.3
2019,12,26,-23.1116,-68.6761,100.8,4.5
2019,12,25,-21.8974,-68.41,132.9,4.1
2019,12,24,-18.6601,-69.2132,135.1,4.9
2019,12,24,-21.2038,-68.8938,123.6,4.2
2019,12,23,-21.8862,-67.4844,226,4
2019,12,19,-21.2078,-70.0833,30.4,3.9
2019,12,18,-22.0164,-68.7234,122.4,4.1
2019,12,18,-21.1553,-68.8773,104.1,4
2019,12,18,-21.8021,-68.481,119.1,4.5
2019,12,18,-15.4729,-72.4428,128.7,4.6
2019,12,18,-20.2403,-69.067,95.5,4.7
2019,12,16,-14.7276,-73.5381,88.9,4.2
2019,12,15,-14.5096,-72.3758,103.7,4.9
2019,12,15,-22.3875,-66.0943,261.9,4.3
2019,12,14,-23.1408,-66.8587,219.3,4.1
2019,12,13,-20.9403,-68.9011,98.5,4
2019,12,12,-14.0953,-72.7509,78.1,4.4
2019,12,12,-20.6938,-68.9532,100.7,4.1
2019,12,9,-22.3079,-68.6264,111.9,4.4
2019,12,9,-15.6417,-71.6791,133.6,4.8
2019,12,8,-9.7037,-75.5281,98.8,4.7
2019,12,7,-22.3263,-68.9685,116.2,4.3
2019,12,6,-17.3802,-69.6004,151.3,4.4
2019,12,4,-22.5546,-69.1526,88.1,4.2
2019,12,3,-22.837,-66.2845,232.8,4.6
2019,12,3,-18.5042,-70.576,38,6
2019,12,3,-20.9138,-70.7619,10,5.3
2019,12,3,-15.8194,-73.0321,71.4,4.5
2019,12,1,-23.1554,-71.9202,10,4.2
2019,12,1,-15.8821,-72.1949,114.7,4.2
2019,11,29,-21.3616,-68.7307,114.9,4.8
2019,11,28,-21.9768,-70.3737,33.6,4.1
2019,11,27,-20.3363,-70.399,35.8,4.2
2019,11,27,-22.1943,-67.3787,198.7,4.3
2019,11,27,-23.022,-66.7313,236.2,4.5
2019,11,26,-20.4923,-67.3956,193.6,4.6
2019,11,25,-21.7183,-68.6143,136.6,4.3
2019,11,25,-20.1969,-70.7115,18.1,4.6
2019,11,25,-20.3123,-70.7662,10,4.1
2019,11,21,-17.2274,-65.585,46.7,4.2
2019,11,21,-18.1792,-69.5103,128.9,4
2019,11,19,-21.8653,-68.516,98.9,3.9
2019,11,18,-22.1143,-67.5546,194.7,4.1
2019,11,15,-17.1047,-72.3473,47.3,4.3
2019,11,14,-18.8031,-69.4933,135.8,4.3
2019,11,13,-19.8833,-70.9444,15.6,4.2
2019,11,13,-15.2885,-70.4053,202.8,5.1
2019,11,11,-21.3564,-67.27,181.7,4.3
2019,11,11,-14.8331,-72.6093,94.5,4.2
2019,11,9,-19.3406,-69.4427,94.7,4.1
2019,11,7,-20.4573,-68.9243,99.3,4.3
2019,11,6,-22.8914,-66.1326,212.4,4.8
2019,11,5,-21.1815,-68.5669,108.4,4.2
2019,11,4,-21.4087,-70.4875,31,5.1
2019,11,3,-17.7643,-69.8463,129.5,4.5
2019,11,3,-17.3924,-69.965,139.3,4.2
2019,11,2,-21.5412,-68.5089,131.7,4.1
2019,11,2,-21.1178,-68.8702,110,4.4
2019,11,1,-23.5131,-66.7769,208.1,4.4
2019,11,1,-22.5768,-66.0455,261.6,4.3
2019,10,31,-22.3232,-67.6808,191.7,4.2
2019,10,30,-15.5042,-70.2846,204.8,4.6
2019,10,30,-22.4377,-68.7046,98.7,4
2019,10,30,-19.0417,-69.3593,110.9,4.3
2019,10,29,-21.2686,-68.9314,120.4,4.5
2019,10,29,-19.8317,-69.3156,99.7,4.1
2019,10,29,-18.9629,-69.3633,110.7,4.5
2019,10,29,-23.1549,-70.6585,35,4.4
2019,10,29,-19.5766,-69.3058,100.2,4.6
2019,10,29,-23.2262,-67.8169,132.8,4.6
2019,10,27,-23.5123,-66.9073,204.5,4.2
2019,10,27,-14.2944,-74.7339,117.8,4.2
2019,10,25,-18.1349,-69.3939,134.5,4.2
2019,10,25,-19.0541,-69.3486,145.7,4.6
2019,10,21,-15.4684,-74.7609,50.9,4.7
2019,10,21,-22.4053,-69.0328,102.9,4.1
2019,10,19,-13.3312,-74.9707,74.7,4
2019,10,19,-17.5738,-69.3839,162.4,4.3
2019,10,16,-22.4163,-66.0995,260.1,4.6
2019,10,16,-21.2278,-68.6771,107.1,4.2
2019,10,13,-17.7394,-69.394,154.2,4.2
2019,10,12,-15.7454,-69.8171,248.9,4.2
2019,10,10,-16.0936,-73.3569,64,4.7
2019,10,9,-22.7659,-67.8456,159.8,4.2
2019,10,9,-17.1201,-70.124,161.5,4.3
2019,10,8,-18.1057,-69.4843,138.3,4.6
2019,10,7,-23.0271,-66.5352,193.9,4.8
2019,10,6,-22.7821,-70.8763,15.4,4.3
2019,10,6,-22.9343,-69.2518,69.2,4
2019,10,6,-21.9343,-68.5934,119,5.7
2019,10,4,-22.871,-66.1759,231.7,4.2
2019,10,4,-18.6199,-71.1568,22.2,4.9
2019,10,2,-23.4117,-67.5576,125.9,4.8
2019,10,1,-23.6769,-66.9243,204.8,4.6
2019,10,1,-23.1611,-66.4472,211.3,4.4
2019,9,30,-22.1911,-68.799,117,5.6
2019,9,29,-22.8031,-63.747,523.5,4.4
2019,9,29,-21.1394,-69.0253,110.3,4.3
2019,9,29,-23.086,-66.4479,230.4,4.4
2019,9,28,-19.1625,-69.2892,110.9,4.2
2019,9,27,-15.2842,-72.1261,80.5,4.6
2019,9,27,-23.1959,-69.1071,106.2,4.6
2019,9,27,-21.1553,-69.0028,98.8,4.4
2019,9,25,-23.2577,-66.5587,238.7,4.1
2019,9,25,-10.0721,-75.1042,122.7,4.4
2019,9,22,-14.6866,-73.5712,67.2,4.9
2019,9,21,-22.1538,-68.3824,103.5,4.5
2019,9,20,-16.495,-71.8632,127.5,4.2
2019,9,19,-21.9411,-68.7049,121.1,4.3
2019,9,18,-15.6584,-74.0643,66.3,4.4
2019,9,18,-19.2241,-70.2789,72.7,4.2
2019,9,17,-21.4261,-68.698,139.2,4.3
2019,9,17,-20.7072,-67.3052,186.3,4.3
2019,9,16,-19.0496,-69.2245,95.1,4.3
2019,9,16,-21.9074,-68.6976,116.5,4.3
2019,9,15,-17.9294,-69.5951,144.4,4.4
2019,9,14,-19.1932,-69.1747,134.3,4.1
2019,9,13,-21.2163,-67.5182,201.3,4.3
2019,9,12,-18.8077,-69.397,117,4.1
2019,9,12,-22.1839,-68.6491,124.5,4.6
2019,9,12,-15.3942,-64.8512,585.1,4.7
2019,9,11,-18.0263,-70.0244,93.8,4.5
2019,9,9,-21.2611,-68.919,119.7,4
2019,9,8,-20.3648,-70.04,69.9,4.4
2019,9,8,-21.2235,-68.5075,134.4,4.4
2019,9,7,-21.3373,-67.894,154.5,4.2
2019,9,7,-19.6554,-69.33,98.7,4.2
2019,9,6,-20.3181,-70.8821,10,4.4
2019,9,6,-21.314,-68.7851,134.8,4.3
2019,9,5,-17.561,-69.4944,171.4,4.6
2019,9,2,-14.0458,-72.5498,80,5
2019,9,1,-18.5789,-71.0334,35,5.1
2019,8,30,-17.707,-69.6707,159.4,4.5
2019,8,30,-22.8015,-68.0184,142.5,4.4
2019,8,30,-17.3313,-70.7183,119,4.3
2019,8,28,-20.5823,-70.3895,29.8,4.9
2019,8,28,-23.1591,-68.9534,89.9,4.9
2019,8,27,-10.8626,-73.997,113.5,4.6
2019,8,25,-22.8222,-66.4057,227.8,4.9
2019,8,23,-10.7904,-75.2808,10,4.5
2019,8,22,-17.1449,-70.216,121.4,4.8
2019,8,22,-15.2823,-70.3203,236.1,4.3
2019,8,20,-23.3389,-69.8542,78.8,4.1
2019,8,20,-21.0595,-68.9217,113.7,4.5
2019,8,20,-22.331,-66.3951,225.9,4.4
2019,8,19,-20.5922,-68.8717,124.2,4.6
2019,8,19,-12.3494,-75.2677,10,4.7
2019,8,19,-18.8378,-67.875,212.9,4.1
2019,8,18,-17.7937,-69.3373,164.4,4.1
2019,8,18,-20.197,-68.77,111.6,4.3
2019,8,18,-19.7022,-63.9348,564.1,4.6
2019,8,18,-22.8977,-66.6137,198,4.2
2019,8,16,-22.1468,-68.7684,117.2,4.3
2019,8,15,-22.764,-66.4053,293.5,4.1
2019,8,14,-20.7367,-70.0983,29.6,4.3
2019,8,14,-18.6654,-69.5975,119,4.4
2019,8,14,-16.0443,-72.3944,10,4.4
2019,8,13,-22.2242,-68.6771,117.1,4.4
2019,8,12,-19.2761,-69.6349,97.3,4.5
2019,8,12,-20.7149,-69.2812,106.4,4.7
2019,8,12,-20.1094,-64.5312,10,4.6
2019,8,11,-22.0725,-67.1579,180.6,4.2
2019,8,9,-16.0521,-70.2685,195.2,4.5
2019,8,7,-20.5333,-68.8634,112.6,3.9
2019,8,7,-20.6911,-66.8359,238.9,4.3
2019,8,6,-21.1628,-68.6599,131.6,4.2
2019,8,4,-21.5442,-66.7681,249.7,4.1
2019,8,4,-16.6727,-69.8558,187.9,4.2
2019,7,30,-23.3811,-66.9188,220.5,4
2019,7,30,-22.6198,-66.1803,284.7,4
2019,7,26,-23.4546,-68.1935,133.2,4.3
2019,7,26,-19.764,-70.8663,18.4,4.3
2019,7,26,-18.605,-71.0957,38.2,4.3
2019,7,24,-22.4672,-69.0515,108.8,4.3
2019,7,23,-15.6808,-74.625,35,4.7
2019,7,22,-21.3304,-68.1949,185,4
2019,7,19,-20.8212,-67.2523,185.8,4.9
2019,7,17,-22.253,-70.3235,35,4
2019,7,17,-20.4283,-66.9513,254.8,4.2
2019,7,16,-23.3552,-66.8111,204.5,4.5
2019,7,13,-21.1459,-68.8332,126.3,4.4
2019,7,12,-22.2207,-67.2237,164.7,4.2
2019,7,12,-21.5851,-68.4999,131.2,4.4
2019,7,12,-20.7738,-70.5128,27.2,4.4
2019,7,10,-15.6409,-70.0978,236,4.3
2019,7,8,-18.1588,-70.1765,102.6,4
2019,7,8,-18.5954,-70.0033,85,4.1
2019,7,8,-22.7125,-66.3817,272.4,4.2
2019,7,8,-15.8048,-73.3568,74.7,4.4
2019,7,8,-23.3452,-66.676,209.4,4.2
2019,7,4,-22.5296,-66.1817,248.6,4.5
2019,7,4,-19.3269,-69.3851,105.4,4.2
2019,7,1,-22.6758,-67.7836,165,4.2
2019,7,1,-21.5403,-68.5078,161.8,4.2
2019,6,30,-17.3518,-69.3804,161.1,4.3
2019,6,30,-22.2205,-68.7216,135.8,4.3
2019,6,30,-17.1867,-69.5504,165.9,4.4
2019,6,29,-18.5285,-69.3814,126.3,4.5
2019,6,29,-16.0048,-74.2359,35,4.8
2019,6,28,-22.4303,-65.9564,255.5,4.2
2019,6,27,-17.5662,-69.9017,164.2,4
2019,6,27,-18.4352,-70.0348,73.4,4.1
2019,6,25,-21.8394,-68.5133,120.3,4.5
2019,6,25,-20.1104,-68.1921,169.7,4.2
2019,6,25,-21.1118,-69.0072,113.8,4.1
2019,6,23,-21.9964,-70.3857,31.6,4.3
2019,6,20,-20.9471,-67.8666,200.4,4
2019,6,20,-18.1486,-66.9594,273.4,4.1
2019,6,19,-21.4543,-68.5081,147.3,4.4
2019,6,17,-21.1264,-68.9719,122.3,3.7
2019,6,17,-23.081,-66.4364,214.4,4.3
2019,6,15,-21.5019,-66.7215,227.3,4.3
2019,6,15,-20.1157,-69.1301,94.7,4.1
2019,6,14,-22.3872,-68.6099,117.8,4.3
2019,6,12,-19.7621,-66.9829,231.4,4.3
2019,6,12,-22.6054,-65.9518,217.5,4.3
2019,6,11,-21.9752,-68.6833,136.8,4.1
2019,6,11,-18.8874,-70.3981,58.4,4.3
2019,6,10,-22.3364,-68.6411,105.8,4.8
2019,6,9,-21.3484,-67.3462,184.6,4.3
2019,6,8,-17.2583,-74.5104,10,4.4
2019,6,5,-21.7194,-68.8375,109.9,4.5
2019,6,4,-19.9569,-69.1259,99.4,4.5
2019,6,4,-21.772,-68.742,120.1,4.3
2019,6,4,-15.7796,-71.5716,90.8,4.2
2019,6,3,-19.6837,-70.4952,47.4,5.2
2019,6,2,-17.5411,-70.6748,121.4,4.1
2019,6,2,-23.668,-69.3581,94.9,4.2
2019,6,1,-14.4061,-71.1689,31,4.6
2019,5,31,-18.6753,-69.3507,120.2,4.8
2019,5,30,-15.0669,-72.1194,114.1,4.7
2019,5,30,-15.0319,-75.5804,35,4.4
2019,5,30,-23.4265,-68.8672,98.1,4.9
2019,5,29,-21.523,-66.6946,233.9,4.3
2019,5,29,-21.1728,-68.6812,113.6,4.4
2019,5,29,-17.7789,-69.7015,151.1,4.2
2019,5,28,-15.7317,-74.9938,35,4.8
2019,5,26,-16.0473,-72.1059,12.6,4.3
2019,5,26,-13.2249,-75.0452,79.8,4.5
2019,5,26,-21.08,-69.0249,112.1,4.2
2019,5,25,-21.124,-69.0247,119.5,4.4
2019,5,24,-20.2745,-68.7846,114.8,4.2
2019,5,24,-21.8389,-68.5396,130.5,4
2019,5,22,-22.4933,-66.0093,250.7,4.5
2019,5,21,-15.8258,-72.0107,8.3,4.9
2019,5,21,-15.7813,-72.0183,10,4.7
2019,5,21,-23.1389,-66.689,195.8,5
2019,5,21,-22.2313,-68.6392,132.3,4.2
2019,5,18,-20.1649,-69.2856,105.3,4
2019,5,17,-19.8024,-70.2795,69.5,5
2019,5,17,-21.9571,-68.7122,111.9,4.2
2019,5,16,-14.3884,-70.9499,32.1,4.4
2019,5,16,-17.7629,-70.076,107,5.1
2019,5,16,-17.8136,-70.1711,114.1,5.1
2019,5,16,-21.2108,-68.7165,133.8,4.3
2019,5,16,-21.4314,-68.4662,123.3,4.5
2019,5,15,-21.6842,-70.5058,56.8,4.3
2019,5,14,-16.012,-74.0231,58.3,4.4
2019,5,14,-18.3519,-70.5758,69.7,4.1
2019,5,13,-14.0399,-74.4259,80.1,5
2019,5,13,-12.1597,-74.8826,89.7,5.2
2019,5,12,-17.6393,-69.504,158.3,4.5
2019,5,12,-21.3009,-67.907,186.7,4.4
2019,5,12,-22.0266,-70.0271,53.8,4
2019,5,12,-21.6208,-68.4668,121.7,4.3
2019,5,9,-21.2067,-70.0716,50.1,4.5
2019,5,8,-15.7761,-75.0959,15.3,5.7
2019,5,7,-20.272,-66.5762,239.2,4.4
2019,5,6,-22.858,-69.0094,103.2,4.6
2019,5,6,-17.0744,-73.6539,10,4.2
2019,5,4,-15.0271,-71.7253,130.4,4.2
2019,5,4,-22.5867,-66.2162,251.6,4.4
2019,5,4,-19.3531,-68.9475,120.4,4.3
2019,5,3,-21.2031,-68.7325,113.1,4.5
2019,5,2,-21.3161,-70.7396,39.6,4.5
2019,5,2,-18.3835,-69.4533,122.4,4.4
2019,4,29,-14.4667,-75.5055,36.9,4.6
2019,4,28,-15.6227,-75.0912,39.8,4.4
2019,4,26,-20.8997,-69.1112,110.9,4.4
2019,4,26,-23.2078,-66.612,214.6,4.4
2019,4,24,-21.5388,-68.6221,145.7,5.3
2019,4,24,-21.4974,-69.9499,59.1,4.6
2019,4,23,-18.3824,-70.4135,74.5,4.1
2019,4,20,-21.1758,-68.7669,123.5,4.5
2019,4,19,-20.3031,-69.1154,96.9,4.8
2019,4,18,-22.0554,-67.6538,206.4,4.3
2019,4,16,-23.1736,-66.8216,210.2,4.2
2019,4,13,-18.5587,-71.1043,43.1,4.1
2019,4,10,-16.0662,-69.58,224.9,4.6
2019,4,7,-15.8438,-72.6246,82.2,4.7
2019,4,5,-18.5344,-70.933,30.3,4.8
2019,4,5,-20.128,-68.1439,204.8,4.3
2019,4,4,-21.3065,-68.4245,129.8,4.6
2019,4,3,-16.3874,-71.8288,113,4.6
2019,4,3,-16.4155,-71.9182,116.5,4.4
2019,4,3,-19.1579,-69.2549,125.9,4
2019,4,3,-20.8596,-70.0262,74.6,4.1
2019,4,2,-17.6336,-69.6057,162.7,4.3
2019,4,2,-21.1921,-68.3104,120.5,4.4
2019,4,1,-17.8711,-66.943,286.4,4.6
2019,3,31,-15.5386,-70.7192,200.2,4.5
2019,3,29,-18.6256,-69.3484,124.1,4.1
2019,3,27,-23.1841,-66.8571,220.3,4.3
2019,3,27,-19.9327,-69.3856,112.2,4
2019,3,27,-18.4673,-69.3866,129.1,4.7
2019,3,27,-20.388,-68.8006,151.6,4.5
2019,3,27,-21.0504,-68.3339,126.3,4.6
2019,3,27,-19.2588,-70.2961,43.9,4.5
2019,3,25,-21.3137,-70.0005,72,5
2019,3,24,-18.6457,-69.4064,134.6,4.3
2019,3,24,-21.9404,-68.6524,112.5,4.3
2019,3,24,-22.839,-68.8772,113.5,4.6
2019,3,23,-22.777,-63.7601,532.1,4.7
2019,3,22,-22.9333,-68.7232,113.5,3.9
2019,3,21,-12.7696,-74.8925,78.4,4.8
2019,3,21,-22.7396,-68.6176,109.5,4.5
2019,3,21,-15.4538,-74.3016,79.5,4.4
2019,3,20,-23.3614,-67.8341,142.3,4.4
2019,3,20,-15.4009,-70.5959,191.2,4.5
2019,3,19,-22.703,-66.3148,251.7,4.6
2019,3,18,-21.1415,-68.6413,130.6,4.2
2019,3,17,-20.3718,-68.429,120.8,5.1
2019,3,16,-19.9491,-71.0277,11.4,4.4
2019,3,16,-20.7298,-66.7518,230.4,4.4
2019,3,15,-17.8744,-65.9072,359,6.3
2019,3,15,-18.1843,-69.7096,147.1,4.2
2019,3,14,-21.3628,-68.8388,125.8,4.3
2019,3,14,-20.2667,-69.06,108.3,4.2
2019,3,14,-13.1392,-74.6371,35,4.3
2019,3,12,-14.564,-72.3854,83.9,4.5
2019,3,12,-14.9374,-72.4633,87.1,4.5
2019,3,11,-21.2554,-68.6502,118.8,4.6
2019,3,10,-21.4166,-66.8902,228,4.3
2019,3,10,-15.2974,-72.4796,99.4,4.5
2019,3,9,-19.9636,-69.0885,99,4.4
2019,3,7,-18.7902,-69.4234,108,4.9
2019,3,5,-9.799,-75.4529,6.4,4.9
2019,3,1,-22.2671,-68.7127,116.8,4.3
2019,3,1,-14.7131,-70.1546,267,7
2019,2,28,-17.5653,-69.7476,151.5,4.8
2019,2,26,-20.9279,-68.9678,91.1,4.1
2019,2,26,-21.1559,-68.6371,129.2,4.4
2019,2,25,-21.4989,-68.6554,110.1,4.4
2019,2,23,-23.4039,-67.6776,140,4.1
2019,2,23,-21.6841,-63.1927,20.6,4.9
2019,2,23,-23.121,-66.6234,188,4.9
2019,2,23,-23.4174,-69.4391,103.4,4.1
2019,2,22,-20.8599,-70.7009,20.6,4.1
2019,2,22,-22.4553,-67.7839,177.6,4.1
2019,2,21,-15.2699,-72.9909,77.2,5.2
2019,2,21,-20.8642,-70.6739,14.2,4.5
2019,2,19,-14.579,-75.5934,44.7,4.9
2019,2,19,-11.0476,-75.5248,110.1,4.5
2019,2,18,-23.3035,-71.1658,10,3.7
2019,2,17,-23.4656,-64.6916,10,5
2019,2,16,-12.114,-74.2055,10,4.3
2019,2,15,-23.1819,-68.6171,92.7,4.5
2019,2,14,-12.1674,-74.3097,10,5.5
2019,2,14,-21.1601,-68.2244,119.2,4.5
2019,2,14,-15.1428,-71.6504,117,4.4
2019,2,13,-11.7259,-75.5001,10,4.9
2019,2,9,-22.8314,-68.7228,104.3,4.2
2019,2,9,-15.0234,-70.6472,180.7,4.4
2019,2,9,-21.6457,-68.3666,115.3,5
2019,2,9,-21.5615,-68.5543,136.6,4.7
2019,2,8,-21.2257,-68.9606,123,4.1
2019,2,7,-15.6936,-69.7484,238.6,4.4
2019,2,7,-19.9043,-71.0209,10,4.2
2019,2,6,-19.9715,-71.0669,13.1,4.5
2019,2,6,-19.9509,-71.1733,10,4.4
2019,2,6,-19.957,-71.1468,12.1,4.2
2019,2,6,-19.8905,-71.0435,13,5.2
2019,2,6,-17.4169,-70.1605,177.8,4.2
2019,2,5,-22.9853,-69.3328,113.9,4.1
2019,2,3,-16.1871,-74.6484,112.6,4
2019,2,3,-15.1601,-74.8397,40.9,4.1
2019,2,3,-18.9085,-68.9868,156.2,4.3
2019,2,2,-21.0458,-68.5917,139.4,4.1
2019,2,2,-22.4736,-68.4882,127,4.5
2019,1,31,-20.4865,-69.0165,102.1,4.2
2019,1,31,-23.5661,-68.2039,135,4.2
2019,1,29,-15.523,-72.3651,111.9,5.5
2019,1,29,-18.5797,-69.5363,123,4.1
2019,1,28,-15.6128,-73.1832,114.3,4.5
2019,1,25,-15.3088,-71.6988,138.3,4.8
2019,1,25,-20.197,-68.7891,146.8,4.4
2019,1,25,-22.1044,-68.823,111.9,4.1
2019,1,25,-14.5333,-75.3517,60.5,5.7
2019,1,23,-18.6257,-71.0399,10.4,4.1
2019,1,23,-14.7157,-71.9011,91.5,4.3
2019,1,19,-22.5514,-66.2019,254.2,4.6
2019,1,17,-22.6207,-69.0486,114.9,4.2
2019,1,17,-22.0416,-66.1905,302.1,4.3
2019,1,17,-18.881,-69.4358,110.4,4.2
2019,1,15,-22.0462,-65.8015,265.5,4.1
2019,1,14,-17.6744,-70.6526,96.3,5.2
2019,1,14,-14.9755,-72.5924,122.4,4
2019,1,14,-16.6061,-69.5599,194.4,4.3
2019,1,13,-15.8636,-71.9032,117.7,4.3
2019,1,10,-23.6341,-66.7288,210.4,4.5
2019,1,8,-20.5822,-69.7751,27.5,4.3
2019,1,8,-21.7273,-68.7059,128.1,4.2
2019,1,7,-19.5722,-68.9156,103.5,4.9
2019,1,6,-19.6155,-69.619,110,4.8
2019,1,6,-15.1888,-70.8297,30.6,5
2019,1,5,-18.6437,-69.368,129.8,4.3
2019,1,4,-21.0141,-69.136,140,4.7
2019,1,3,-19.3555,-63.9251,601.1,4.2
2019,1,1,-21.288,-67.6893,199.4,4.2
2018,12,31,-22.193,-68.7567,106.6,4.5
2018,12,31,-23.1395,-69.1466,94.1,4.4
2018,12,31,-15.9143,-73.2966,84.9,4.1
2018,12,31,-21.9348,-68.5236,116.9,4.2
2018,12,29,-23.5244,-66.9726,231.2,4.5
2018,12,28,-19.8772,-69.1169,100.1,4.3
2018,12,27,-16.3939,-69.8565,202.9,4.4
2018,12,26,-20.9862,-66.9599,217.2,4.2
2018,12,24,-18.2938,-71.2259,35,4.1
2018,12,24,-22.1407,-68.953,99.6,4.6
2018,12,24,-18.2905,-69.4142,144.7,4.1
2018,12,24,-21.5679,-68.543,139.5,4.3
2018,12,24,-21.4053,-68.2275,114.5,5
2018,12,22,-21.6603,-68.6505,143.1,4.6
2018,12,21,-23.4816,-69.6673,76,4.3
2018,12,21,-21.0636,-68.8249,93,4.6
2018,12,20,-23.289,-68.8255,106.4,4.1
2018,12,20,-19.2859,-63.9461,10,5
2018,12,20,-19.9748,-69.3163,91.6,4.1
2018,12,20,-16.0034,-73.2631,54.1,4.2
2018,12,18,-14.8693,-72.2087,95.2,4
2018,12,17,-21.6823,-69.124,105.8,4.2
2018,12,16,-23.3871,-69.3348,83.5,4.8
2018,12,15,-19.9758,-70.9587,18.3,4.7
2018,12,15,-17.6174,-69.7349,10,4.2
2018,12,14,-18.4517,-71.44,33.3,4.3
2018,12,13,-10.2555,-75.3994,10,4.3
2018,12,13,-23.2172,-69.2423,93.9,4.1
2018,12,13,-21.2193,-68.6841,124.3,4.2
2018,12,12,-18.0289,-70.0071,129.5,4.3
2018,12,11,-22.2913,-67.2948,218,4.5
2018,12,11,-21.0083,-70.0454,58,4.7
2018,12,10,-23.4716,-66.4708,197.6,4.3
2018,12,10,-22.1849,-68.6617,114.4,3.9
2018,12,9,-21.7967,-68.3994,133.4,4.9
2018,12,8,-22.1126,-71.5827,16.6,4.2
2018,12,7,-16.9207,-65.8981,28.6,4
2018,12,7,-10.2664,-75.3172,10,4.4
2018,12,1,-17.6607,-72.9686,10,4.2
2018,11,30,-11.5973,-73.9212,10,4.5
2018,11,29,-22.2818,-67.3718,179.8,4.4
2018,11,27,-22.5145,-70.5905,26.5,4.2
2018,11,27,-19.4184,-69.1604,106.2,4.5
2018,11,25,-22.5406,-68.5076,135.3,4.4
2018,11,23,-14.8083,-73.9628,93.3,4.6
2018,11,23,-22.2273,-68.7169,121.9,4.5
2018,11,21,-23.1602,-66.3806,196.4,4.3
2018,11,20,-16.4193,-74.076,8.2,4.4
2018,11,20,-21.1077,-68.6891,143.9,4.1
2018,11,17,-22.7239,-69.0567,121.5,4.3
2018,11,15,-18.3733,-69.7032,149.4,4.1
2018,11,14,-16.4912,-71.496,87.4,4
2018,11,13,-21.8688,-67.3133,195.2,4.4
2018,11,13,-12.2045,-74.9296,61.7,4.4
2018,11,13,-21.2016,-68.6577,112.5,4.1
2018,11,12,-22.2411,-67.5477,202.9,4.3
2018,11,12,-21.083,-68.9502,113.1,4.5
2018,11,11,-22.9189,-66.4026,222.5,4.7
2018,11,11,-13.4004,-71.8301,46.8,4.2
2018,11,10,-23.5727,-66.7764,199.3,4.5
2018,11,9,-22.7156,-67.7195,169.9,4.5
2018,11,8,-18.5785,-70.6187,45,4
2018,11,7,-21.2617,-68.9007,114.8,4.5
2018,11,6,-21.8243,-68.6126,126,4.5
2018,11,6,-19.7194,-69.4141,86.6,4.7
2018,11,5,-17.3914,-69.3083,166.9,4.2
2018,11,5,-20.1075,-70.9261,10,4.4
2018,11,5,-22.3101,-67.4165,171.5,4.6
2018,11,4,-15.3273,-74.2429,67.3,4.9
2018,11,3,-22.8607,-70.9683,10,4
2018,11,2,-18.2241,-70.0731,101.7,4.2
2018,11,2,-22.834,-70.9837,13.1,4.5
2018,11,2,-22.8468,-70.912,13.4,4.4
2018,11,2,-22.8047,-70.922,13.4,4.5
2018,11,1,-19.5827,-69.2656,102,6.2
2018,11,1,-22.3124,-68.6905,98.5,4.8
2018,10,31,-20.3982,-68.9963,106.4,4.4
2018,10,30,-20.9885,-66.9839,240.2,4.1
2018,10,29,-21.1234,-68.6455,141.1,4
2018,10,29,-23.0733,-66.7666,240.4,4.3
2018,10,28,-21.9551,-68.6852,105.2,4.3
2018,10,27,-22.4808,-68.7144,109.8,4.5
2018,10,27,-20.6476,-66.6735,245.1,4.8
2018,10,27,-15.0278,-70.7928,19.8,4.5
2018,10,26,-17.2816,-69.9642,137.7,4.9
2018,10,26,-19.6577,-70.3351,48.7,3.9
2018,10,25,-13.936,-71.8573,43,4.3
2018,10,24,-23.0209,-68.0469,130.9,4.2
2018,10,24,-15.3862,-72.0527,102.4,4.4
2018,10,22,-20.5834,-69.0564,95.9,4.2
2018,10,19,-21.1973,-68.9867,122.3,4.2
2018,10,19,-18.3597,-70.4573,66.4,4.4
2018,10,18,-22.64,-68.5413,106.5,4.7
2018,10,18,-16.3139,-69.6357,213.5,4.1
2018,10,18,-17.9077,-69.9869,114,4.7
2018,10,17,-23.4053,-70.0259,70.6,4.3
2018,10,17,-14.837,-71.7404,109.6,4.4
2018,10,16,-20.9917,-68.8251,112.7,4.3
2018,10,14,-23.1611,-66.6159,208.3,4.4
2018,10,14,-19.9971,-70.944,10,4.1
2018,10,13,-21.077,-68.8194,133.2,4.4
2018,10,10,-18.9928,-69.5239,137.7,4.1
2018,10,9,-23.1728,-66.7384,217.5,4.4
2018,10,9,-18.4941,-71.2324,35.2,3.9
2018,10,9,-23.0014,-66.6657,250.4,4.2
2018,10,7,-17.193,-70.0622,156,4.3
2018,10,5,-15.9882,-71.8717,114.9,4.4
2018,10,5,-14.546,-71.5485,10,5.2
2018,10,4,-22.8387,-66.3988,242.3,4.9
2018,10,4,-21.1038,-68.9174,116.7,4.2
2018,10,3,-21.5197,-65.5928,285.3,4.6
2018,10,2,-20.305,-69.3043,88.1,4.3
2018,10,2,-22.5388,-68.674,119.3,4.3
2018,10,1,-21.0669,-67.2876,171.5,4.6
2018,9,30,-22.6059,-67.5999,173.4,4.1
2018,9,29,-15.9755,-75.5862,10,4.4
2018,9,29,-18.9673,-69.6017,99.5,4.3
2018,9,29,-18.3598,-69.3185,135.5,4.2
2018,9,28,-19.5685,-64.5909,10,4.3
2018,9,27,-21.5986,-68.2586,114.6,4.6
2018,9,27,-20.7908,-69.0703,122.5,4.3
2018,9,26,-21.5013,-68.3927,115.2,4.5
2018,9,26,-17.7342,-71.3309,56.6,4
2018,9,26,-20.9903,-68.4424,114.6,4.4
2018,9,25,-15.3405,-74.8969,53.2,5.2
2018,9,25,-21.4401,-67.344,198.1,4.3
2018,9,23,-21.1209,-68.874,123.6,4.5
2018,9,23,-9.9248,-75.4571,27.8,4.5
2018,9,23,-15.3917,-73.2825,113.3,4.1
2018,9,22,-20.0747,-68.2176,160.7,4.3
2018,9,19,-19.5404,-70.3888,62.6,5
2018,9,19,-22.3833,-66.0503,266.6,4.5
2018,9,19,-21.0784,-68.5651,136.4,4.3
2018,9,17,-22.7645,-68.8136,118,4.5
2018,9,17,-21.786,-68.7819,108.5,4.2
2018,9,16,-20.3534,-70.0281,46.1,4.4
2018,9,16,-18.7638,-69.8781,86.3,4.1
2018,9,14,-22.9137,-66.0812,226.1,4.4
2018,9,14,-15.9944,-71.4369,129.6,5.4
2018,9,14,-19.2439,-69.19,100.5,4.6
2018,9,14,-16.5207,-71.8162,50.5,4.6
2018,9,13,-21.3922,-70.2474,54.3,3.9
2018,9,13,-15.5678,-70.1596,217.4,4.5
2018,9,12,-21.1016,-67.6116,186.6,4.2
2018,9,12,-22.7281,-70.6558,37.2,3.9
2018,9,10,-17.9162,-70.1926,129.3,4.2
2018,9,5,-21.769,-68.5651,125.4,4.3
2018,9,4,-19.3921,-69.2312,122.9,4.3
2018,9,4,-17.6764,-73.2216,10,4.5
2018,9,4,-19.1154,-68.3321,171.1,4
2018,9,3,-20.6813,-69.1856,114,4.3
2018,9,2,-21.8327,-68.4886,129.1,4.4
2018,8,29,-21.84,-68.8337,116.5,4.3
2018,8,29,-20.7248,-68.9855,101.7,4.3
2018,8,29,-22.7647,-68.4289,111.3,4.3
2018,8,28,-18.6014,-63.8531,13.7,4.7
2018,8,28,-22.7136,-66.9288,231.5,4.3
2018,8,27,-17.6048,-69.8387,122.7,4.7
2018,8,27,-21.0984,-68.681,125.4,4.5
2018,8,27,-23.3534,-68.2236,116.6,4.3
2018,8,26,-11.2498,-70.5862,605.7,4.5
2018,8,26,-23.0941,-66.8527,254.7,4.5
2018,8,25,-14.4008,-66.4756,16,4.1
2018,8,24,-11.0355,-70.8284,630,7.1
2018,8,24,-22.3228,-70.5476,55.8,4
2018,8,24,-21.2273,-68.7566,111.7,4.2
2018,8,23,-20.1566,-70.4969,36.6,4
2018,8,23,-17.2288,-69.5081,157.8,5
2018,8,23,-21.2864,-68.8676,127.4,4.4
2018,8,22,-23.3813,-69.5592,78,4.3
2018,8,22,-22.1457,-68.52,105.7,4.4
2018,8,20,-21.8629,-67.2332,177.3,4.8
2018,8,20,-15.6147,-71.9994,10,4.5
2018,8,18,-22.553,-66.1676,266.6,4
2018,8,17,-15.5709,-70.2424,218.4,4.6
2018,8,17,-22.2042,-67.3406,186.1,4
2018,8,15,-22.5573,-66.1085,254.3,4.2
2018,8,15,-22.3645,-65.8747,254.2,4.5
2018,8,14,-19.6,-69.2794,105.1,4.8
2018,8,12,-21.7644,-67.3774,189.1,4.4
2018,8,12,-15.2684,-73.0173,76.8,4.2
2018,8,10,-21.8392,-68.406,111.3,4.4
2018,8,6,-23.292,-66.7912,253.4,4.3
2018,8,5,-16.0224,-73.3622,61.3,4.4
2018,8,4,-19.6189,-69.358,84.5,5.2
2018,8,1,-20.3901,-69.0636,123.3,4.5
2018,7,31,-21.409,-66.7893,230.7,4.2
2018,7,31,-21.1722,-68.6296,134.9,4.3
2018,7,29,-21.8139,-68.2987,111.8,4.4
2018,7,29,-14.8099,-73.7188,68,4.6
2018,7,26,-21.5384,-50.17,10,3.5
2018,7,24,-15.8607,-73.1042,68.1,4.2
2018,7,22,-15.5656,-72.0332,104.9,4.3
2018,7,21,-21.2788,-68.9314,129.7,4.5
2018,7,21,-22.2794,-68.502,104.3,5.1
2018,7,20,-23.1187,-66.7199,206.8,4.2
2018,7,19,-22.8194,-66.5469,266.6,4
2018,7,18,-23.7025,-68.2155,140.3,4.3
2018,7,14,-21.8999,-67.2939,180.7,4
2018,7,12,-21.4607,-66.8668,221.9,4.5
2018,7,11,-18.1821,-67.0081,276,4.3
2018,7,11,-19.9786,-70.008,23,4
2018,7,10,-18.3126,-72.5225,18.6,4.4
2018,7,9,-21.8543,-68.6352,135.3,4.3
2018,7,6,-21.1074,-69.0359,123.5,4.5
2018,7,6,-21.3039,-67.2048,210.1,4.5
2018,7,5,-20.8928,-70.6183,20.9,4.1
2018,7,5,-22.5674,-66.0533,257.3,4.2
2018,7,4,-17.688,-69.1974,145.8,4.7
2018,7,4,-21.3838,-67.2938,170,4.1
2018,7,3,-20.8223,-69.1174,110.3,4.2
2018,7,2,-23.2407,-68.7603,101.4,4.9
2018,7,1,-16.1857,-69.6137,235.2,4.5
2018,7,1,-15.1086,-74.2791,70.3,4.3
2018,6,30,-17.2195,-69.6247,177.9,4.4
2018,6,30,-22.0225,-68.6456,121.9,4.3
2018,6,30,-19.5188,-69.2544,101.6,4.1
2018,6,28,-21.1659,-69.1111,122,4.3
2018,6,28,-21.5403,-66.8155,240.9,4.3
2018,6,26,-18.631,-69.6897,120.3,4.4
2018,6,24,-22.9681,-69.1938,109.6,4.2
2018,6,24,-22.0006,-69.0148,88.5,4.2
2018,6,22,-19.4651,-70.5266,65.1,4.5
2018,6,21,-21.3451,-69.9583,55.7,4.3
2018,6,20,-16.2981,-73.2155,50.4,4.4
2018,6,18,-21.512,-66.7943,226.4,4.4
2018,6,18,-9.8494,-75.4631,47.7,4.7
2018,6,18,-17.5126,-72.4723,35,4.3
2018,6,16,-15.8084,-73.3233,83.7,4
2018,6,16,-13.491,-72.5575,10,4.6
2018,6,14,-12.7029,-73.8789,77.3,4.5
2018,6,14,-19.9281,-71.1169,16.5,4.3
2018,6,14,-19.8487,-69.4574,116.6,4.5
2018,6,13,-20.2422,-70.9554,10,4.6
2018,6,12,-20.7411,-69.158,104.1,4.7
2018,6,12,-20.1632,-69.1976,96.8,4.2
2018,6,12,-9.9886,-75.0552,10.4,4
2018,6,11,-15.9834,-73.4609,61.7,4.6
2018,6,11,-21.3469,-68.7848,137.6,4.2
2018,6,10,-21.2666,-68.863,132.5,4.2
2018,6,10,-21.5191,-68.605,139.2,4
2018,6,8,-16.4902,-69.2123,211,4.3
2018,6,7,-20.8221,-69.1954,111.3,4.2
2018,6,7,-20.8327,-69.0689,102.1,4.4
2018,6,6,-23.5419,-66.8337,210.2,4.4
2018,6,5,-22.1091,-67.6076,222.8,4
2018,6,5,-21.611,-68.5015,126,4.2
2018,6,3,-23.4801,-69.2535,101.3,4.5
2018,6,3,-20.2072,-70.8936,14.7,4.3
2018,6,3,-21.8827,-68.7397,106,4.5
2018,6,3,-15.7356,-73.0144,71.4,4.4
2018,6,2,-21.3686,-68.9087,123,4.1
2018,6,2,-20.2656,-70.828,17,4.5
2018,6,1,-22.0351,-68.6412,128.3,4.2
2018,5,31,-15.8555,-69.6422,246,4.2
2018,5,29,-21.4624,-66.9363,253.5,4.4
2018,5,29,-20.2178,-69.0444,101.4,4.9
2018,5,28,-19.7359,-69.2447,102.3,4
2018,5,25,-20.9011,-68.0091,195.4,4.2
2018,5,24,-12.3532,-71.6131,10,4.4
2018,5,24,-12.3079,-71.6704,16.5,4.9
2018,5,23,-20.7363,-69.2421,95.7,4.3
2018,5,23,-21.5884,-68.3856,123.5,4.6
2018,5,22,-21.2623,-68.6375,114.1,4.7
2018,5,22,-22.4401,-66.1579,263,4.1
2018,5,22,-19.3673,-69.1641,110.7,4.5
2018,5,20,-16.9765,-70.5422,117.3,4.3
2018,5,19,-21.6833,-67.3844,194.2,4.2
2018,5,18,-21.9834,-67.4563,203.4,4.1
2018,5,15,-20.3737,-69.0474,102.5,4.2
2018,5,14,-22.9779,-66.4451,201.5,4.1
2018,5,14,-11.1701,-74.2946,27.8,4.6
2018,5,13,-23.079,-68.1727,123.4,4.5
2018,5,11,-22.0496,-68.6237,120,4
2018,5,11,-16.1811,-72.2548,87.2,5
2018,5,10,-21.7118,-68.365,147.4,4.5
2018,5,10,-22.6392,-66.1688,255.3,4.7
2018,5,10,-15.853,-74.2389,55.1,4.4
2018,5,9,-21.6832,-68.4147,118.8,4.3
2018,5,7,-16.1154,-74.4588,10,4.6
2018,5,7,-18.1665,-69.6561,116.2,4.4
2018,5,7,-23.0481,-67.8473,172.8,4.4
2018,5,5,-18.0167,-69.6122,136.9,4.5
2018,5,5,-20.446,-66.6263,310.5,4
2018,5,5,-18.8308,-69.8216,103.4,4.1
2018,5,5,-21.9521,-68.7381,102.1,4
2018,5,4,-22.3685,-67.6952,163.1,4.2
2018,5,3,-20.7844,-63.0183,570.4,4.2
2018,5,2,-20.1921,-69.107,100.2,4.8
2018,5,1,-21.1289,-67.6266,228.8,4.2
2018,4,29,-23.5005,-67.8446,136.7,4.7
2018,4,28,-23.1904,-66.8511,224.4,4.1
2018,4,28,-20.1629,-69.2077,87.1,4.1
2018,4,26,-21.7623,-68.4895,119.8,4.2
2018,4,26,-12.9771,-75.146,71.6,4.3
2018,4,25,-21.8483,-69.4788,84.5,4.4
2018,4,24,-21.7716,-68.3679,129.9,4.4
2018,4,24,-14.3188,-74.293,73.1,4.6
2018,4,24,-21.1099,-68.5702,135,4.4
2018,4,23,-21.5007,-68.5087,136.3,4.3
2018,4,23,-22.4406,-68.5444,103.7,4.9
2018,4,21,-23.391,-66.9795,219,4.2
2018,4,21,-22.0252,-68.5886,116.4,4.3
2018,4,20,-18.129,-71.0225,49.6,4.5
2018,4,19,-20.1341,-69.3724,87,4
2018,4,17,-22.4929,-65.9932,243.2,4.8
2018,4,17,-21.4208,-68.8527,104.3,5
2018,4,17,-17.4309,-69.6421,165.4,4.4
2018,4,15,-23.1225,-66.8411,254.4,4.5
2018,4,15,-16.8734,-72.123,94.9,4
2018,4,13,-21.5877,-68.4721,134.7,4.4
2018,4,13,-17.3368,-71.2684,77.9,4.1
2018,4,13,-19.936,-69.273,107.6,4.1
2018,4,13,-18.2555,-69.663,136.4,4.3
2018,4,12,-19.1716,-67.4973,246.6,4.3
2018,4,11,-21.0717,-68.8101,155.2,4.3
2018,4,9,-15.8781,-74.4184,35,4.6
2018,4,9,-22.5118,-68.0851,140.1,4.4
2018,4,9,-21.1709,-66.4293,236,4.3
2018,4,8,-15.2467,-72.1727,98,4.2
2018,4,8,-22.9985,-68.0247,130.9,4.4
2018,4,8,-14.0232,-72.8244,69.9,4.5
2018,4,8,-22.3877,-68.8976,108.8,4.1
2018,4,7,-21.487,-66.7583,250.3,4.6
2018,4,6,-15.7898,-72.1325,99.8,4.2
2018,4,6,-15.24,-75.5499,33.6,4.4
2018,4,6,-15.2014,-75.4878,11.2,5
2018,4,5,-20.381,-70.5855,44,5.5
2018,4,4,-15.8464,-74.8237,41.3,4.4
2018,4,3,-20.6496,-67.9439,169.5,4.6
2018,4,2,-20.6923,-63.036,560.7,4.5
2018,4,2,-16.9573,-71.7765,80.9,3.7
2018,4,2,-20.6192,-63.2854,567.5,4.6
2018,4,2,-20.6609,-63.2242,570.1,5
2018,4,2,-20.6588,-63.0058,559,6.8
2018,4,1,-21.1602,-67.4342,181.2,4.8
2018,4,1,-22.6164,-69.009,100.8,4.5
2018,3,29,-23.0427,-70.3085,49.3,4
2018,3,28,-22.8843,-66.6431,208.9,4.4
2018,3,25,-22.6302,-66.2579,257.7,4.2
2018,3,24,-22.4487,-68.4274,115.7,4.5
2018,3,23,-20.3712,-66.8869,258.7,4.6
2018,3,22,-21.4629,-67.5551,204,4.5
2018,3,22,-21.304,-69.9443,51.4,4.1
2018,3,22,-21.4054,-68.7135,116.8,4.5
2018,3,21,-21.387,-67.2364,185,4.5
2018,3,19,-20.1156,-69.3521,116.6,4.5
2018,3,18,-21.5348,-69.6158,26.4,4.2
2018,3,17,-18.7405,-69.0857,130.8,5
2018,3,17,-23.3567,-69.0969,88.1,4.3
2018,3,16,-17.0087,-71.2801,81.7,4.3
2018,3,15,-21.1836,-67.9073,169.4,4.6
2018,3,15,-17.2741,-71.1561,62.3,4.2
2018,3,14,-20.2656,-67.2259,202.4,4.3
2018,3,13,-10.2699,-74.9846,35.7,5.1
2018,3,11,-22.1892,-68.6518,123.5,4.3
2018,3,10,-22.4128,-67.5084,187.8,4.2
2018,3,8,-22.9983,-69.1439,122.2,4.4
2018,3,6,-22.3547,-68.6541,117.6,4.2
2018,3,6,-23.0992,-68.9467,107.5,4.3
2018,3,6,-17.4023,-69.7612,163.5,4.2
2018,3,5,-23.057,-66.6895,203.5,4.6
2018,3,5,-18.3737,-71.4615,21.7,4.1
2018,3,4,-20.4241,-68.5636,120.6,5.1
2018,3,2,-17.9607,-67.1788,268.7,4.2
2018,3,2,-22.0513,-63.7515,525.3,5.4
2018,2,28,-22.2939,-67.3995,212.6,4.3
2018,2,26,-15.0975,-71.5136,114.1,4.7
2018,2,24,-21.3835,-68.5427,133.7,4.1
2018,2,21,-22.4773,-66.1464,247.3,4.3
2018,2,21,-18.957,-69.2705,109.5,4.7
2018,2,20,-20.088,-70.5757,26.7,4.3
2018,2,20,-16.5823,-69.7488,175.2,4.7
2018,2,19,-15.8761,-74.0764,52.3,4.7
2018,2,18,-21.7871,-68.5641,123.6,4.1
2018,2,14,-22.7692,-66.5316,224.3,4.2
2018,2,12,-22.8907,-68.8592,103.5,4.1
2018,2,12,-21.6519,-66.7127,241.6,4.2
2018,2,11,-16.0488,-74.7822,10,4.5
2018,2,11,-16.6587,-74.1634,10,5.4
2018,2,8,-17.6199,-69.466,133.1,4.5
2018,2,7,-20.4308,-69.0624,102.9,4
2018,2,7,-16.1999,-74.8194,10,4.2
2018,2,6,-21.3376,-70.1953,71.2,4.2
2018,2,5,-15.9,-74.7325,10,4.7
2018,2,4,-17.3979,-70.8098,40.5,4.7
2018,2,4,-15.939,-74.9688,51.2,4.4
2018,2,2,-16.5149,-69.7848,190.5,4.1
2018,2,2,-21.0897,-68.7686,145.6,4.5
2018,2,2,-20.4155,-69.0144,132.2,4.2
2018,1,30,-15.8497,-74.6096,34,5.5
2018,1,29,-15.7262,-74.2296,60.1,4.7
2018,1,29,-18.0225,-69.4518,135.2,4.5
2018,1,28,-16.0079,-74.9247,10,4.8
2018,1,27,-11.2613,-74.2988,10,4.2
2018,1,27,-15.9063,-74.3703,44.6,4.7
2018,1,27,-23.0064,-66.4876,213.3,4.5
2018,1,26,-15.8376,-74.6775,30,4.6
2018,1,26,-15.9873,-74.4516,35,4.3
2018,1,25,-22.264,-68.8495,117,4.4
2018,1,25,-18.2733,-69.2638,10,4.2
2018,1,25,-18.3285,-69.307,10,4.9
2018,1,25,-21.9374,-68.707,120.2,4.3
2018,1,24,-20.3342,-68.9998,105.4,5.3
2018,1,22,-18.358,-69.457,123.2,4.2
2018,1,22,-20.2633,-65.3358,341.2,4
2018,1,22,-10.5469,-74.9176,113.8,5
2018,1,21,-22.5671,-66.3467,260.2,4.4
2018,1,21,-20.7431,-68.1013,211.2,4.3
2018,1,21,-15.7426,-74.7467,31.1,5
2018,1,21,-18.8806,-69.4445,116,6.3
2018,1,20,-20.775,-70.8725,26.7,4.2
2018,1,19,-15.956,-74.7636,10,4.6
2018,1,19,-15.9849,-74.4826,10,4.3
2018,1,19,-13.229,-74.578,80.8,5.3
2018,1,16,-15.7746,-74.595,47.1,4.8
2018,1,15,-15.524,-71.3668,133.6,4.5
2018,1,15,-21.7092,-68.6419,118.6,4.3
2018,1,14,-15.8614,-74.4835,47.8,4.4
2018,1,14,-15.7675,-74.7092,39,7.1
2018,1,13,-21.433,-68.8339,119.2,4.5
2018,1,12,-15.5301,-71.1752,166.5,4.5
2018,1,10,-18.192,-69.395,126.5,4.9
2018,1,4,-19.7995,-71.5912,12.4,4.5
2018,1,4,-21.5257,-68.5345,140.9,4.3
2018,1,3,-22.6061,-66.3005,238,4.7
2018,1,3,-14.9878,-72.2073,100.5,4.2
2018,1,1,-19.2157,-67.2118,228.2,4.5
2017,12,31,-22.816,-68.3557,127.9,4.3
2017,12,30,-22.7991,-69.1811,83.4,4
2017,12,30,-21.2146,-68.7574,119.3,4.5
2017,12,30,-18.8176,-67.2082,255.3,4.5
2017,12,30,-19.3429,-69.4283,103.3,5.2
2017,12,29,-10.2216,-74.9138,122.6,4.4
2017,12,27,-12.5185,-71.6872,30.3,4.3
2017,12,27,-13.0118,-74.3616,64.8,4.2
2017,12,26,-17.4621,-69.4048,149.2,4.8
2017,12,26,-14.1828,-72.8738,71.8,4
2017,12,25,-21.6378,-68.3872,125.8,4.3
2017,12,24,-14.186,-74.3524,65.9,4.7
2017,12,21,-21.1294,-68.7118,137.6,4.5
2017,12,20,-17.9911,-69.4098,142.4,4.8
2017,12,20,-18.0344,-69.8686,109.9,4.9
2017,12,19,-22.9425,-66.5248,278.3,4
2017,12,19,-18.5386,-69.7392,141.8,4
2017,12,19,-17.9174,-69.3116,158.4,4.3
2017,12,17,-18.3754,-71.6267,48.4,4.2
2017,12,17,-23.1928,-66.2477,234.7,4.3
2017,12,17,-20.2894,-69.1602,101.1,4.2
2017,12,15,-18.0298,-70.1616,94.4,5
2017,12,14,-18.5586,-69.5159,135.5,4.2
2017,12,14,-19.8196,-70.2288,10,4.4
2017,12,13,-21.4831,-66.6344,217.3,4.4
2017,12,12,-20.0979,-69.1493,98.8,4.1
2017,12,12,-23.0887,-68.9116,97.2,4.1
2017,12,11,-19.7,-71.1066,10,4
2017,12,11,-19.7083,-71.0591,12,5.5
2017,12,11,-19.2385,-70.2521,61.6,4.7
2017,12,10,-22.8324,-68.875,110.3,4
2017,12,10,-21.6588,-68.7936,114.1,4.4
2017,12,8,-23.1301,-66.8464,228.2,4.3
2017,12,8,-22.8889,-66.9387,247.8,4.4
2017,12,7,-23.1456,-66.5878,209.8,4.7
2017,12,7,-21.2822,-68.0033,189.9,4.2
2017,12,6,-20.7777,-67.8389,166.1,4.3
2017,12,5,-15.7794,-71.7389,141.7,4.4
2017,12,4,-23.692,-68.1389,124.4,4.1
2017,12,3,-15.1012,-75.4887,25,4.5
2017,12,1,-22.4787,-67.9134,155.3,4.1
2017,11,30,-16.9453,-69.5408,182.2,4.6
2017,11,27,-21.9552,-68.6768,121.6,3.9
2017,11,27,-17.5625,-69.329,153.6,4.8
2017,11,27,-21.3771,-66.6199,223.8,4.3
2017,11,27,-22.5253,-70.6602,18.2,4.1
2017,11,27,-23.5377,-68.947,129.6,4
2017,11,25,-20.0482,-70.8381,34.1,4.2
2017,11,23,-21.2905,-68.5259,132.6,4.2
2017,11,22,-22.8462,-67.2014,208.6,4
2017,11,22,-22.2593,-67.2868,164.6,4.7
2017,11,22,-20.4873,-68.9379,105.2,4.3
2017,11,21,-15.4337,-70.3842,221.4,4.3
2017,11,20,-20.2612,-68.9501,109.2,4.3
2017,11,18,-21.9507,-68.766,116.9,4.5
2017,11,18,-20.7784,-69.1131,109.9,4.7
2017,11,17,-17.6051,-69.8877,156,4.2
2017,11,17,-19.8197,-69.1529,96.6,5
2017,11,16,-17.7552,-69.8477,152.9,4.3
2017,11,16,-15.8279,-73.9659,60.6,4.7
2017,11,15,-21.1555,-67.4276,217.4,4.1
2017,11,15,-21.3009,-67.6902,176.1,4.4
2017,11,14,-20.2117,-69.2252,94.7,4.1
2017,11,13,-18.3895,-67.0148,268.6,4.4
2017,11,12,-21.7454,-68.6142,123,4
2017,11,12,-16.1139,-72.1176,95.3,4.2
2017,11,11,-21.0756,-68.6389,134.2,4
2017,11,8,-22.1426,-68.6866,134.4,4.1
2017,11,8,-14.8469,-75.3327,62.4,4.3
2017,11,7,-21.1579,-68.6577,106.6,4.5
2017,11,7,-22.1348,-68.6539,124.7,4.8
2017,11,5,-21.592,-68.4947,122,4.2
2017,11,4,-20.0267,-69.0847,102.1,4.1
2017,11,3,-15.6411,-70.4974,199.8,4.6
2017,11,2,-23.1906,-69.9741,52.9,4.5
2017,11,2,-19.7092,-69.3492,105.3,4.3
2017,10,31,-19.753,-69.149,116.2,4.2
2017,10,30,-10.756,-74.6931,101.1,5.4
2017,10,30,-21.8668,-68.3618,105.8,4
2017,10,29,-22.7422,-68.8476,97.7,4
2017,10,29,-16.4226,-73.5627,35,4.3
2017,10,24,-16.2233,-73.4108,114.9,4.2
2017,10,22,-23.1021,-69.0316,99.8,4.1
2017,10,22,-17.4394,-69.3812,165,4.2
2017,10,22,-15.1643,-73.9744,84.2,5
2017,10,21,-21.0151,-66.6369,232.7,4.2
2017,10,21,-16.624,-73.5148,42.1,4.1
2017,10,21,-20.7694,-69.8149,61,4
2017,10,20,-22.7596,-69.1719,87.2,4
2017,10,17,-15.7139,-70.7393,209.8,4.4
2017,10,17,-22.6561,-67.6021,165.5,4.8
2017,10,16,-16.7252,-69.6099,203.7,4.2
2017,10,16,-18.6196,-69.9642,89.4,3.9
2017,10,15,-23.1287,-66.8963,255.8,4.3
2017,10,15,-22.7988,-68.9677,112,4.5
2017,10,14,-21.0528,-68.8099,120.3,4.4
2017,10,14,-14.3437,-73.4389,58.1,4.9
2017,10,13,-20.3142,-69.1353,94.2,4
2017,10,12,-19.7087,-69.1754,111.2,4.3
2017,10,12,-18.6048,-69.871,102.3,4.1
2017,10,10,-18.5806,-69.7773,94.2,4.8
2017,10,10,-18.5947,-69.7449,90.6,4.4
2017,10,10,-18.5715,-69.7526,85,6.3
2017,10,9,-21.5491,-66.9362,222.1,4.3
2017,10,9,-21.2034,-68.7544,123.5,4.7
2017,10,8,-20.4279,-68.9412,101.5,4.2
2017,10,7,-16.8083,-69.5129,186.9,4.7
2017,10,6,-17.5732,-64.1786,35.5,4.6
2017,10,5,-22.3793,-68.5172,110.2,5.5
2017,10,4,-23.104,-68.2021,129.1,4.8
2017,10,2,-22.2405,-68.691,107.3,4.4
2017,10,2,-23.2196,-67.015,212.2,4
2017,9,30,-23.6012,-69.2094,96.5,4.4
2017,9,29,-16.0604,-72.6717,162.7,4.5
2017,9,28,-23.6875,-66.634,187.3,4.4
2017,9,28,-21.3954,-67.5693,224,4.4
2017,9,27,-10.8691,-73.9242,104.2,4.4
2017,9,27,-15.1614,-71.6095,131.7,4.5
2017,9,27,-21.3853,-68.3745,115.5,4.7
2017,9,26,-21.2917,-66.5657,227.6,4.9
2017,9,25,-14.4689,-74.0055,85.3,4.3
2017,9,24,-22.6473,-66.2611,255.1,4.3
2017,9,24,-14.3256,-75.5196,35.3,4.6
2017,9,24,-18.0209,-69.2745,147.4,3.9
2017,9,20,-19.991,-70.9807,12.6,4.4
2017,9,20,-18.1418,-70.0717,97.5,4.7
2017,9,20,-16.293,-71.2327,106.2,5.3
2017,9,19,-20.6056,-69.0338,107.9,3.8
2017,9,19,-19.3873,-69.4977,97.9,4.1
2017,9,18,-17.5255,-69.5275,167.7,4.2
2017,9,17,-20.2496,-69.267,99.2,4.7
2017,9,17,-21.9058,-67.3399,192.8,4.2
2017,9,16,-23.6919,-66.6455,198,4.6
2017,9,13,-18.0631,-69.4375,143.4,4.3
2017,9,13,-20.2608,-70.9553,11.8,4.2
2017,9,12,-20.2495,-70.8841,15.5,4
2017,9,10,-23.5977,-69.1153,85.9,4.3
2017,9,9,-22.4613,-66.1912,229.6,5.2
2017,9,9,-15.3425,-70.2262,224.8,4.2
2017,9,7,-20.8573,-69.1057,111,4.4
2017,9,6,-22.2203,-67.473,185.6,4.3
2017,9,6,-22.1764,-70.2895,34.1,4.1
2017,9,6,-23.2501,-66.4945,206.6,4.1
2017,9,4,-15.1443,-71.6864,125.4,4.2
2017,9,4,-19.2621,-70.0097,61.1,5.2
2017,9,4,-21.0789,-68.7901,113.8,4.1
2017,9,1,-22.2397,-68.6324,131.1,4.3
2017,9,1,-11.1281,-75.3784,101.7,4.5
2017,9,1,-15.554,-70.7921,170.2,4.6
2017,8,29,-21.9329,-67.221,199.1,4.1
2017,8,29,-15.4507,-70.3456,208,4.3
2017,8,28,-21.2629,-68.8037,120.6,4.5
2017,8,28,-15.5598,-70.4666,198.8,4.3
2017,8,28,-13.5206,-70.2165,12.2,4.8
2017,8,26,-18.475,-71.391,10,4.2
2017,8,25,-15.2498,-73.3664,76.8,4.3
2017,8,23,-23.334,-66.7079,209.5,4.1
2017,8,23,-15.2997,-74.0293,68.3,4.6
2017,8,22,-20.0126,-70.1348,46.6,4.3
2017,8,21,-22.48,-67.949,170.9,4
2017,8,21,-20.0422,-70.9804,37.1,4.2
2017,8,20,-22.9523,-66.4723,252.6,4.2
2017,8,20,-20.3144,-68.8883,97,4.3
2017,8,19,-21.2647,-68.5158,122.2,4.1
2017,8,18,-14.7948,-71.1444,158.2,4.6
2017,8,18,-15.4084,-71.2687,140.9,4.4
2017,8,17,-22.8148,-66.4507,271,4.3
2017,8,16,-22.66,-66.1845,260.3,4.6
2017,8,16,-21.997,-67.3206,204.6,4.8
2017,8,15,-19.9973,-71.0895,32.5,4.2
2017,8,14,-21.6574,-68.4584,126.6,4.2
2017,8,14,-21.5298,-66.9097,222.3,4.3
2017,8,14,-10.8234,-75.2193,13.3,4.6
2017,8,14,-10.7356,-75.2522,39,4.7
2017,8,13,-23.1647,-66.8583,219.9,4.4
2017,8,13,-10.7214,-74.5662,32,5.8
2017,8,13,-22.5114,-66.8396,195.2,4.3
2017,8,12,-21.0623,-68.4691,136.4,4
2017,8,12,-20.0759,-71.0229,14.7,4.7
2017,8,12,-21.5172,-68.6651,116.8,4.4
2017,8,12,-20.0278,-71.0217,10,5.2
2017,8,12,-22.5971,-68.7705,97.7,4.7
2017,8,11,-16.2986,-73.4744,41,5.6
2017,8,11,-23.0381,-67.6688,139.7,4.3
2017,8,10,-20.7862,-69.137,92.6,4
2017,8,9,-23.1068,-70.5737,29.2,4
2017,8,7,-21.2535,-68.612,127.7,4.3
2017,8,6,-21.285,-68.76,122.6,4
2017,8,5,-16.7103,-71.0269,118.8,4.1
2017,8,5,-19.3147,-67.2643,230.1,4.5
2017,8,4,-21.4842,-68.5041,143.8,4.1
2017,8,3,-10.8534,-75.1831,30.6,4.3
2017,8,1,-21.8488,-68.4934,120,4.2
2017,8,1,-18.4753,-69.9493,96.7,4.1
2017,7,31,-22.3486,-68.9364,114.8,4.2
2017,7,30,-21.2477,-67.2911,226.1,4.1
2017,7,27,-10.5165,-74.5667,121,4.6
2017,7,26,-19.1062,-69.4323,117.9,4.3
2017,7,26,-20.1368,-70.1331,42,4.3
2017,7,25,-22.8484,-66.1591,262.1,4
2017,7,25,-22.7617,-69.1238,84.7,4.3
2017,7,25,-22.6444,-66.1563,261.2,4.5
2017,7,24,-21.9023,-68.4851,113.9,4.6
2017,7,23,-20.7432,-67.3553,198.2,4.4
2017,7,22,-21.1751,-69.2364,39,5.3
2017,7,21,-21.3841,-68.6884,146.1,3.9
2017,7,21,-15.7489,-74.4664,40.6,4.9
2017,7,20,-22.0409,-63.7396,553,4.2
2017,7,20,-14.0661,-73.4982,71.6,4.3
2017,7,20,-21.9933,-70.6159,24.9,4.4
2017,7,20,-23.3841,-68.0816,124.1,3.6
2017,7,19,-19.6902,-70.2441,51.8,4.1
2017,7,19,-20.1097,-70.9867,8.9,3.9
2017,7,18,-16.5137,-73.8748,45.9,4.3
2017,7,18,-16.4161,-73.6357,43.7,6.4
2017,7,17,-16.0323,-69.4286,229.3,4.3
2017,7,14,-18.6435,-70.6761,38,4.1
2017,7,14,-22.6511,-66.2628,260.3,4.3
2017,7,14,-23.3321,-66.7229,200.6,4.4
2017,7,13,-21.3726,-68.6948,127.3,4.5
2017,7,11,-10.9801,-75.4316,16,4.4
2017,7,11,-22.3271,-68.3537,143.7,4.5
2017,7,9,-23.2229,-66.7792,266.6,4.1
2017,7,9,-22.3113,-67.6085,187.8,4
2017,7,8,-19.3009,-69.1831,127.4,4.1
2017,7,8,-21.4312,-66.6686,231,4.7
2017,7,7,-22.4643,-68.4927,141,4.3
2017,7,5,-17.9309,-69.4721,151.8,4.1
2017,7,4,-15.6786,-73.9824,67.2,4.4
2017,7,4,-19.4305,-69.6384,89.6,4.9
2017,7,3,-21.347,-67.9677,168.7,4.4
2017,7,2,-19.196,-70.2391,61.4,4.3
2017,7,2,-21.8389,-68.5987,108,5.4
2017,7,1,-10.7957,-74.6379,56.1,4.6
2017,7,1,-23.6553,-66.5874,199.2,4.3
2017,6,30,-23.248,-66.9583,236.5,4
2017,6,30,-20.9703,-67.1822,238.3,4.3
2017,6,30,-21.4473,-67.3617,200.4,4
2017,6,29,-23.4865,-66.793,225.8,4
2017,6,26,-21.1042,-68.4769,136.1,4.4
2017,6,25,-22.367,-68.804,100.8,4.6
2017,6,24,-15.4141,-73.3855,97,5.7
2017,6,24,-15.8225,-73.0764,165.6,4.1
2017,6,24,-21.2491,-68.8072,124.6,4
2017,6,23,-21.9649,-68.7253,127.5,4.1
2017,6,22,-21.5041,-67.0295,261.1,4.3
2017,6,21,-21.144,-68.936,105.3,4.3
2017,6,20,-20.6486,-69.881,64.2,4.3
2017,6,19,-19.1641,-69.3998,113.5,4.3
2017,6,18,-21.2246,-68.7364,121.3,4
2017,6,17,-22.8139,-68.8974,101.8,4.4
2017,6,17,-20.6214,-66.9349,254.7,4.3
2017,6,16,-16.4888,-70.1618,207.7,4
2017,6,16,-16.8732,-69.669,191.1,4.6
2017,6,16,-22.5108,-66.194,275.8,4.3
2017,6,15,-21.1497,-68.9933,122.8,4.2
2017,6,15,-20.0807,-66.8758,241.8,4.3
2017,6,15,-16.2632,-72.6073,79.8,4.4
2017,6,15,-21.5303,-66.7916,215.9,4.7
2017,6,15,-16.9527,-69.6661,191.2,4.3
2017,6,14,-21.2301,-68.7339,136.7,4.2
2017,6,14,-21.1489,-67.8432,161.9,4.1
2017,6,13,-21.9083,-68.3746,126.3,4.1
2017,6,11,-21.1228,-68.9421,114.5,4.1
2017,6,11,-17.5365,-63.9347,10,5.1
2017,6,11,-22.8771,-66.2965,234.4,4.9
2017,6,10,-18.6929,-69.7865,126,4.3
2017,6,10,-20.8307,-69.2215,101.9,4.1
2017,6,9,-21.0529,-68.9744,118.6,4.3
2017,6,9,-22.6114,-68.8545,134,4.2
2017,6,8,-22.1338,-70.1447,69.9,4.9
2017,6,8,-21.7356,-68.5554,130.7,4.6
2017,6,8,-22.291,-67.5982,185.7,4.2
2017,6,7,-15.9145,-74.6074,10,4.3
2017,6,7,-17.8997,-73.6328,25.7,4.9
2017,6,6,-22.9376,-68.5964,93.1,5.3
2017,6,6,-16.3182,-70.4727,60.8,4.2
2017,6,4,-19.5648,-70.1462,52.8,4.5
2017,6,3,-21.8985,-68.6933,105.5,5.1
2017,6,3,-20.1012,-70.8288,25.5,4.2
2017,6,2,-18.8529,-67.0138,261.5,4.3
2017,6,1,-15.9594,-74.5046,35,4.5
2017,5,31,-22.7365,-68.4709,115.7,4.9
2017,5,31,-22.3454,-67.9263,171.6,4
2017,5,28,-21.1834,-68.6823,138,4.9
2017,5,28,-16.5109,-72.8305,63.3,4.1
2017,5,22,-16.2132,-70.5238,60.4,4.5
2017,5,22,-23.1419,-68.9749,103.7,4.2
2017,5,22,-20.3862,-68.9621,110.8,4.4
2017,5,20,-19.1249,-69.4705,102.6,4.1
2017,5,20,-23.1325,-66.4205,249.2,4.1
2017,5,18,-14.526,-73.5141,10,4.3
2017,5,17,-21.7522,-67.6177,221.1,4.5
2017,5,17,-22.0232,-70.0905,45.3,4.5
2017,5,16,-14.5332,-73.4098,10,5.4
2017,5,16,-18.941,-70.1909,30.8,4
2017,5,15,-18.1231,-70.8223,83.9,4.4
2017,5,14,-20.8287,-68.711,116,5.7
2017,5,14,-18.4216,-71.1116,38.4,4.8
2017,5,14,-15.9235,-69.7326,233.9,4.1
2017,5,13,-23.0405,-66.6501,214.7,4.1
2017,5,13,-21.6618,-66.7424,212.7,4.6
2017,5,13,-21.7602,-70.404,35,4.4
2017,5,12,-15.9294,-69.4891,245.8,4.4
2017,5,9,-15.7816,-75.4895,35,4.1
2017,5,8,-20.7576,-68.0253,199.4,4
2017,5,8,-19.845,-69.0831,106.3,4
2017,5,8,-21.3613,-69.1091,133.8,4.4
2017,5,6,-20.0905,-69.1018,94.8,4.1
2017,5,6,-16.9194,-73.4773,13,5.1
2017,5,6,-20.0391,-69.1147,98.1,4.3
2017,5,6,-21.1586,-68.9595,118.6,4
2017,5,4,-20.0093,-70.9174,21.5,4.5
2017,5,4,-22.0854,-67.0219,167.9,4.4
2017,5,3,-18.5582,-71.1827,10,4.1
2017,5,3,-16.1192,-73.4438,47.5,5.1
2017,5,2,-15.6117,-72.0972,11.2,4.5
2017,4,30,-21.6418,-68.755,95.5,4.3
2017,4,30,-18.6276,-71.1592,10,4
2017,4,30,-15.5863,-72.4559,10,4.6
2017,4,30,-15.6131,-71.7025,10,4.4
2017,4,30,-15.716,-71.9799,10,4.6
2017,4,30,-15.8303,-72.5021,14.9,4.8
2017,4,30,-15.7425,-71.8941,10,5.1
2017,4,30,-20.0189,-70.9694,9.8,5
2017,4,30,-21.1119,-68.6718,133.4,4.2
2017,4,29,-15.8663,-72.4081,100.4,4.1
2017,4,29,-16.1956,-69.7854,220.9,4.2
2017,4,26,-20.9516,-69.0877,102.8,4.1
2017,4,26,-19.7031,-69.3496,104.7,5.4
2017,4,26,-20.4565,-69.0898,98.4,4.3
2017,4,26,-21.9192,-68.7455,123.7,4.4
2017,4,24,-22.6275,-66.3832,271.4,4.3
2017,4,24,-16.2478,-72.1937,151.1,4.1
2017,4,22,-22.0967,-68.7177,120.3,4.4
2017,4,20,-23.259,-66.7455,240.6,4.3
2017,4,20,-21.6541,-66.8307,213.6,4.5
2017,4,19,-22.4295,-67.7022,194.8,4.2
2017,4,19,-22.3302,-68.795,116.3,4
2017,4,18,-19.1934,-70.0052,64.9,4.6
2017,4,18,-21.774,-68.3456,112.8,5
2017,4,17,-21.5047,-68.3927,127.9,4
2017,4,17,-22.3842,-69.8948,63.8,4.5
2017,4,17,-19.176,-70.124,58.4,4.5
2017,4,16,-23.2678,-69.6397,69.6,4
2017,4,15,-21.9449,-69.9374,70.9,4.2
2017,4,15,-23.2653,-67.7225,155,6.3
2017,4,15,-19.4261,-70.447,44,4.3
2017,4,15,-22.2686,-68.6747,128.3,4.3
2017,4,14,-22.5109,-68.6594,106.1,5.3
2017,4,14,-19.855,-69.2102,103.2,4.4
2017,4,12,-15.0549,-72.3707,81.4,4.6
2017,4,11,-21.5547,-68.9075,133.2,4.7
2017,4,10,-14.7224,-74.3155,79.4,4.4
2017,4,7,-14.3375,-73.6616,70.6,4.4
2017,4,6,-17.7187,-72.6095,8.7,5.1
2017,4,5,-20.4695,-69.1913,97.6,4.1
2017,4,4,-20.3202,-70.2296,36,4.2
2017,4,3,-21.2169,-68.8778,115.1,4.3
2017,4,2,-19.8761,-70.1252,35,4.3
2017,4,2,-9.9592,-75.4334,89,4.1
2017,4,1,-16.2116,-74.3095,40.7,4.6
2017,4,1,-16.3147,-74.475,40.2,4.5
2017,3,31,-16.2013,-74.3621,23.9,4.8
2017,3,31,-10.335,-74.9709,118.8,4.8
2017,3,30,-20.4229,-69.1563,109.7,4.4
2017,3,30,-17.0011,-71.1252,79.1,4
2017,3,30,-10.7089,-73.6881,138,4.5
2017,3,30,-19.2176,-70.0369,68.3,4
2017,3,29,-23.3951,-66.699,205.5,4.4
2017,3,29,-19.5641,-68.8827,128.2,4.4
2017,3,28,-14.5387,-73.9902,86.6,4.5
2017,3,27,-20.5197,-68.9334,106.2,3.9
2017,3,27,-20.8146,-67.3424,201.6,4.4
2017,3,27,-22.669,-66.2486,253.9,4.3
2017,3,27,-20.6149,-69.087,120.4,4.3
2017,3,25,-19.0807,-69.4836,121.7,4.3
2017,3,25,-19.857,-69.001,102.8,4.8
2017,3,24,-21.5222,-67.7436,181.8,4.3
2017,3,24,-13.3681,-75.2141,92.1,4.4
2017,3,23,-23.503,-69.118,105.3,4.1
2017,3,23,-15.1401,-72.1287,100.1,4.4
2017,3,23,-20.8282,-69.0733,102.2,4
2017,3,22,-21.1226,-67.568,199.7,4
2017,3,21,-21.5765,-68.4588,125.1,5.1
2017,3,20,-16.9321,-69.4695,186.5,4.4
2017,3,19,-18.6308,-69.6256,104.2,4.1
2017,3,19,-21.3597,-67.9965,195.2,4.1
2017,3,18,-20.3097,-68.6506,115.7,4.5
2017,3,18,-22.9616,-68.444,123.6,4.2
2017,3,17,-22.2793,-67.5076,156.5,4.8
2017,3,16,-15.2468,-71.7775,125.5,4.2
2017,3,16,-17.127,-71.006,127.6,4.3
2017,3,16,-23.4783,-67.1063,236.9,4.4
2017,3,16,-21.5022,-68.3242,115.2,4.5
2017,3,11,-16.2423,-73.7231,35,4.1
2017,3,10,-22.639,-67.3522,184,4.4
2017,3,8,-14.4911,-70.5931,205.3,4.6
2017,3,7,-11.8168,-75.1837,51.4,4.3
2017,3,7,-23.4933,-68.2535,134.3,4
2017,3,7,-20.3336,-69.0325,125.8,4.1
2017,3,6,-18.1154,-70.0438,101.9,4.1
2017,3,5,-21.8635,-68.2796,108.2,4.7
2017,3,4,-23.6656,-66.8539,230,4.3
2017,3,1,-22.9075,-69.0883,105.3,4.2
2017,2,28,-14.1184,-74.9925,83.1,4.7
2017,2,28,-22.8021,-63.7598,530.8,4.4
2017,2,27,-15.5084,-70.2514,224.1,4.1
2017,2,26,-15.004,-71.9889,95.6,4.5
2017,2,25,-19.4876,-69.0941,108.5,5.2
2017,2,24,-16.2569,-71.6311,94.3,4.3
2017,2,24,-15.8273,-71.6347,142,4.9
2017,2,23,-10.9862,-75.336,94.9,4.1
2017,2,23,-10.8949,-75.4793,23.6,4.2
2017,2,21,-19.2814,-63.9047,596,6.5
2017,2,20,-10.6141,-75.4434,42.7,4.3
2017,2,20,-17.6708,-69.5684,160.5,4.1
2017,2,18,-22.1205,-68.7001,105.5,4.2
2017,2,18,-16.9843,-70.1571,151.8,4.3
2017,2,17,-23.471,-70.5764,59.4,4.5
2017,2,16,-21.935,-68.4044,97.9,4.2
2017,2,15,-21.6953,-68.3484,134.1,4.3
2017,2,15,-16.9516,-69.4963,177.2,4.3
2017,2,13,-21.8218,-65.556,302.7,4.4
2017,2,10,-19.2936,-67.3742,236.2,4.3
2017,2,9,-23.2586,-68.7774,111.9,4.3
2017,2,9,-15.0855,-73.9774,70.7,4.8
2017,2,8,-21.2542,-68.086,181.8,4.1
2017,2,6,-20.9042,-68.9955,94.7,4.8
2017,2,5,-21.2043,-68.9189,130.9,4.3
2017,2,2,-19.9595,-69.175,97.7,4.4
2017,2,1,-15.6242,-70.3152,216.2,4.6
2017,1,31,-22.3871,-67.3195,226.4,4.1
2017,1,30,-14.5215,-72.8956,70.8,4.7
2017,1,28,-11.4721,-73.2052,48.6,4.4
2017,1,28,-20.3041,-68.9534,120.4,4.1
2017,1,28,-19.961,-70.0363,51.8,4.9
2017,1,27,-22.4794,-68.5096,92.6,4.9
2017,1,26,-20.3204,-69.0782,110.3,4.2
2017,1,26,-22.3816,-67.5475,171.7,4.2
2017,1,26,-21.4833,-68.9495,118.1,4
2017,1,25,-21.249,-68.7646,126.9,4.3
2017,1,24,-23.3121,-66.826,232,4.1
2017,1,23,-20.0934,-68.9395,120.6,4.4
2017,1,23,-18.4419,-69.3296,134,4.4
2017,1,22,-20.2339,-70.774,17.8,4.2
2017,1,22,-21.4116,-67.4891,211.2,4.3
2017,1,20,-17.3876,-69.8643,157.4,4.1
2017,1,19,-14.9623,-72.6655,122.1,4.2
2017,1,18,-15.5917,-70.2632,236,4.3
2017,1,17,-19.8693,-69.1823,99.8,4.1
2017,1,15,-22.5256,-68.6159,107.9,4.6
2017,1,15,-20.1605,-69.3032,107.1,3.9
2017,1,15,-20.4675,-68.7971,111.8,4
2017,1,14,-19.6926,-70.9955,27.4,4.2
2017,1,13,-20.4672,-66.8214,249.8,4.1
2017,1,12,-15.5004,-72.4357,10,4.4
2017,1,12,-18.0907,-69.1322,135.3,4.8
2017,1,11,-22.7746,-69.8007,73,4.7
2017,1,11,-22.821,-69.8033,72,5.8
2017,1,10,-16.1105,-74.3792,30.9,4.2
2017,1,10,-15.7257,-72.1102,3.9,4.5
2017,1,8,-21.265,-68.649,126.4,4.1
2017,1,8,-23.0689,-70.9834,19.9,4.4
2017,1,7,-19.5417,-70.143,26.7,3.7
2017,1,7,-21.5978,-66.9005,256.7,4.3
2017,1,6,-22.3176,-67.795,172,5.8
2017,1,5,-22.3653,-70.7514,34.8,4.1
2017,1,5,-22.0533,-70.3028,31.3,4.1
2017,1,5,-18.3961,-69.8369,119.9,4
2017,1,3,-19.9071,-70.4091,43.1,5.2
2017,1,2,-21.3066,-70.2777,57.3,4.1
2017,1,1,-19.6932,-69.149,108.1,4
2016,12,31,-17.614,-71.3453,69.1,4.2
2016,12,29,-21.5902,-68.363,115.2,4.6
2016,12,28,-19.2327,-69.1669,109,4.6
2016,12,27,-20.4826,-68.8377,113.9,4.1
2016,12,27,-19.6561,-66.6415,264.2,4.3
2016,12,27,-22.2369,-67.7434,197.2,4.6
2016,12,25,-19.877,-68.6624,103.3,5.1
2016,12,25,-22.3703,-67.6373,183,4.1
2016,12,24,-23.1573,-66.8684,214.5,4.1
2016,12,22,-17.9262,-69.735,125,4.5
2016,12,21,-13.5278,-75.1046,83,5
2016,12,20,-21.5888,-65.6095,291.9,4.5
2016,12,18,-9.9738,-70.9698,612,6.4
2016,12,17,-21.5673,-67.0335,246.8,4.5
2016,12,16,-15.9762,-75.1379,40.7,4
2016,12,15,-15.2573,-71.1599,10,4.6
2016,12,15,-15.6118,-74.4008,60,4.4
2016,12,14,-19.311,-67.892,65.4,4.3
2016,12,14,-22.9604,-66.1748,249.6,4.1
2016,12,12,-15.6341,-74.4793,62.6,4.4
2016,12,9,-23.2148,-71.1467,27.3,4.3
2016,12,8,-23.6045,-66.9032,224.6,4
2016,12,7,-22.094,-69.016,107.2,4.1
2016,12,7,-21.6801,-68.3763,111.7,4
2016,12,7,-23.4796,-66.9723,223.4,4.3
2016,12,5,-22.487,-68.879,96.8,4.2
2016,12,5,-17.709,-69.754,152.3,4.5
2016,12,5,-23.185,-66.656,223,5
2016,12,4,-15.2721,-70.8565,10,4.3
2016,12,4,-21.0311,-66.7783,244.3,4.6
2016,12,3,-10.8609,-75.3675,10,4
2016,12,3,-15.3,-70.9666,10,4.3
2016,12,2,-15.3456,-70.9966,10,4.4
2016,12,2,-15.1396,-70.9945,27.3,4.2
2016,12,2,-15.1851,-70.8202,10,4.8
2016,12,1,-15.203,-71.089,5.5,3.9
2016,12,1,-15.3122,-70.827,12,6.2
2016,12,1,-15.2243,-70.9485,16.5,4.5
2016,12,1,-19.4453,-69.6199,85.6,3.9
2016,11,30,-22.9889,-69.1266,103.4,4.3
2016,11,30,-21.0404,-68.5883,103.3,4.8
2016,11,28,-14.4034,-75.5591,42.3,4.1
2016,11,26,-22.1814,-68.6696,121.2,4
2016,11,25,-22.3037,-67.593,207.5,4.2
2016,11,25,-16.8071,-72.6625,79.6,4.2
2016,11,23,-22.154,-68.676,112.9,4.7
2016,11,23,-22.5651,-68.7331,121.9,4.2
2016,11,22,-17.1421,-69.8872,183.7,4.1
2016,11,22,-15.2487,-75.3329,41.5,4.3
2016,11,22,-22.2271,-68.7928,117.5,4.1
2016,11,21,-22.631,-70.304,31.3,4.2
2016,11,21,-23.243,-69.084,89.8,4
2016,11,21,-10.7158,-74.7366,44.7,4.5
2016,11,20,-21.1199,-68.6509,141.5,4.1
2016,11,20,-23.227,-66.8913,199.4,4.6
2016,11,20,-21.9374,-68.5439,156.1,4.3
2016,11,20,-17.6203,-70.4986,106.8,4.2
2016,11,18,-22.7893,-66.2859,278.2,4
2016,11,18,-21.4365,-66.6973,217.4,4.6
2016,11,18,-21.2277,-67.3802,194.3,4.3
2016,11,16,-20.777,-69.167,108.8,4.4
2016,11,16,-20.298,-68.8232,113.4,4.2
2016,11,15,-21.92,-68.6244,124.3,4.1
2016,11,15,-19.5705,-69.2883,99.1,4.5
2016,11,14,-21.1428,-69.989,49.7,4.4
2016,11,14,-21.203,-68.892,103.6,4
2016,11,13,-19.9774,-69.1827,111.1,4
2016,11,12,-23.4312,-66.797,214.2,4.4
2016,11,10,-14.7926,-73.5847,60.2,4.9
2016,11,10,-19.1068,-69.4082,94.7,4.5
2016,11,10,-17.2272,-71.4606,70,4.1
2016,11,8,-17.1569,-70.4323,127.5,4.5
2016,11,7,-15.8454,-73.0242,100.4,4.2
2016,11,4,-22.961,-68.314,154.2,4.1
2016,11,3,-19.3563,-69.2943,113.4,4.9
2016,11,2,-22.4296,-68.3644,116.8,4.9
2016,11,1,-23.1134,-66.5802,210,4.6
2016,11,1,-20.5011,-67.9167,172.6,4
2016,11,1,-21.1045,-68.8954,131.8,4.1
2016,11,1,-23.0381,-66.3937,249.6,4.4
2016,11,1,-23.3825,-66.661,204.1,4.3
2016,11,1,-16.0096,-74.1772,75.3,4.1
2016,10,31,-22.6161,-66.2083,266.8,4.3
2016,10,31,-22.3901,-68.4858,91.9,5.1
2016,10,27,-22.1818,-68.2963,117.6,4.6
2016,10,23,-10.1,-75.6,15,3.7
2016,10,23,-23.4414,-68.8529,97.4,4.4
2016,10,22,-14.1845,-75.3972,63.9,4.6
2016,10,19,-17.3063,-71.2792,86,3.9
2016,10,19,-23.1153,-66.7843,237.6,4.1
2016,10,17,-14.1993,-75.4001,51.8,4.5
2016,10,16,-23.1556,-66.7228,203.6,4.3
2016,10,14,-21.8594,-68.4613,119.1,4.7
2016,10,13,-21.55,-68.346,132.7,4.2
2016,10,10,-21.8409,-67.3637,196.7,4.1
2016,10,10,-21.892,-68.457,117.4,4.2
2016,10,6,-20.2783,-69.2152,95.5,4.4
2016,10,5,-9.7981,-74.8533,102.8,5.3
2016,10,4,-18.579,-70.985,20.8,4.2
2016,10,3,-19.7149,-67.1949,267.5,4
2016,10,2,-13.8751,-72.6187,71.2,4.1
2016,10,2,-21.3042,-68.8749,129.7,4
2016,9,29,-14.2818,-72.8017,58.8,4.1
2016,9,27,-23.0908,-70.6982,24.8,4.6
2016,9,27,-23.0922,-70.6534,20,4.8
2016,9,27,-19.9102,-66.8841,244.6,4
2016,9,27,-21.979,-68.679,105.9,4.1
2016,9,26,-22.264,-67.214,185.6,4.5
2016,9,24,-21.5363,-68.3542,104.4,5.1
2016,9,23,-15.9474,-75.4829,10,4
2016,9,23,-22.042,-68.77,116.3,4.2
2016,9,23,-23.1194,-70.7601,15.2,4.3
2016,9,22,-20.2428,-69.2508,99.5,4.2
2016,9,20,-23.5762,-68.1828,127.4,5
2016,9,20,-17.5239,-70.4927,101.3,5
2016,9,19,-16.8533,-71.4933,101.2,4.1
2016,9,19,-19.9764,-69.3936,94.1,3.9
2016,9,19,-23.087,-70.595,22.8,4
2016,9,19,-23.106,-70.6483,23.6,4.5
2016,9,18,-21.892,-68.462,135.6,4.1
2016,9,18,-10.45,-75.12,28,3.9
2016,9,18,-16.06,-73.72,37,4.1
2016,9,15,-20.3626,-69.6451,79.9,4.4
2016,9,12,-13.1752,-74.8461,67.4,4.2
2016,9,11,-23.0195,-69.1057,85.7,4.2
2016,9,10,-19.505,-69.0875,127.4,4.6
2016,9,9,-20.8739,-67.5061,210.4,4.3
2016,9,9,-23.287,-69.175,93.6,4.3
2016,9,9,-15.6439,-71.6715,10.7,4.1
2016,9,8,-15.7413,-70.5587,214,4.5
2016,9,8,-21.799,-68.622,121.4,5
2016,9,7,-20.0451,-69.0053,98.8,5.3
2016,9,6,-22.5184,-66.2708,297.8,4.3
2016,9,6,-21.633,-68.224,133.3,4.2
2016,9,6,-21.2264,-67.6974,148.5,5
2016,9,5,-22.9188,-63.7773,531.1,4.5
2016,9,3,-17.6841,-69.3844,148.8,4.6
2016,9,3,-21.9665,-68.539,135.7,4.1
2016,9,3,-20.5358,-68.8002,115.5,4.1
2016,9,3,-22.133,-69.887,71.5,4
2016,9,2,-23.0743,-68.6698,108.9,4.1
2016,9,1,-16.4893,-72.2152,78.6,4.8
2016,8,29,-15.8161,-74.0383,57.3,4.5
2016,8,29,-22.258,-68.564,116.8,4.2
2016,8,29,-16.3778,-72.4638,86.3,4.6
2016,8,29,-18.4242,-69.8321,121.3,4.6
2016,8,26,-10.7234,-73.6365,121.6,4.8
2016,8,26,-13.6599,-74.544,74.5,4.2
2016,8,25,-21.8072,-67.376,210,4
2016,8,24,-19.9294,-71.1761,25.4,4
2016,8,22,-21.3576,-68.721,110.6,4.1
2016,8,22,-21.6897,-68.748,125.6,4.3
2016,8,21,-23.042,-69.483,67.9,4.1
2016,8,21,-16.1908,-74.0549,35,4.6
2016,8,21,-19.2834,-69.6301,72.2,4.2
2016,8,19,-21.0514,-70.2366,31.6,4.4
2016,8,19,-17.0241,-72.349,44.9,5.3
2016,8,19,-20.5989,-68.8989,109.8,4.7
2016,8,19,-20.9546,-66.6102,230.3,4.4
2016,8,17,-16.52,-71.74,20,4.3
2016,8,17,-21.6223,-66.7462,215.5,4.4
2016,8,16,-19.7581,-71.0971,17.6,5.1
2016,8,16,-19.7955,-71.0008,11.2,4.7
2016,8,16,-19.9179,-71.0823,16.4,4.5
2016,8,16,-19.7878,-71.162,31.4,4.1
2016,8,16,-22.5053,-68.6772,107.2,5.4
2016,8,15,-21.4592,-68.4702,127.4,4.1
2016,8,15,-15.6542,-72.0092,20,5.5
2016,8,14,-20.2005,-69.1698,100,5
2016,8,14,-19.8665,-64.3407,25.3,4.4
2016,8,14,-20.6827,-69.1805,111.1,4.4
2016,8,12,-20.5461,-69.3471,115.8,3.9
2016,8,12,-13.934,-75.4136,76.3,4.2
2016,8,12,-22.5344,-66.1068,254,4.3
2016,8,12,-22.0198,-68.6904,144.7,4.7
2016,8,9,-23.243,-69.41,73.9,4.2
2016,8,7,-17.9366,-70.4489,35.6,4.2
2016,8,5,-18.3344,-69.4811,143.7,4.3
2016,8,5,-21.921,-68.486,111.4,4.3
2016,8,4,-22.3343,-66.0078,270,6.2
2016,8,4,-21.3395,-66.6236,218.4,4.4
2016,8,3,-13.2841,-74.6778,78.8,4.6
2016,8,3,-22.855,-68.714,104.9,4
2016,8,3,-23.022,-68.422,155.6,4.3
2016,8,3,-21.238,-69.466,73.9,3.8
2016,8,3,-19.5257,-69.9123,58.4,4.3
2016,8,2,-21.4216,-66.8149,220.5,4.3
2016,8,2,-20.8248,-67.9342,172.6,4.2
2016,8,1,-16.31,-72.62,109,4.5
2016,7,31,-21.764,-68.449,123.7,4
2016,7,30,-16.7,-72.39,78,4.1
2016,7,29,-16.41,-71.5996,107.2,4.3
2016,7,28,-23.0787,-66.734,227.3,4.1
2016,7,27,-23.3566,-66.9895,227.5,4
2016,7,26,-19.1515,-70.0564,69.3,4.2
2016,7,25,-17.1505,-70.2047,155.6,4.2
2016,7,25,-22.391,-68.607,114.4,4.3
2016,7,25,-19.6992,-69.2088,103.9,4.3
2016,7,25,-19.729,-69.254,109.9,4.5
2016,7,24,-22.6632,-68.4792,107.9,4.3
2016,7,24,-21.2344,-68.7396,122.2,4.5
2016,7,23,-22.4116,-67.1718,27.5,5
2016,7,22,-21.954,-68.376,119.9,4.3
2016,7,22,-22.531,-68.532,114.5,4
2016,7,21,-17.4351,-69.4848,170.9,4.4
2016,7,19,-23.3883,-66.5521,197.7,4.6
2016,7,18,-21.4955,-66.8958,237.9,4.3
2016,7,18,-15.0412,-71.8817,156.5,4.7
2016,7,17,-23.5872,-69.0558,93.1,4
2016,7,16,-21.184,-68.516,136.1,4.2
2016,7,16,-21.3406,-70.1319,25.9,4.4
2016,7,14,-19.4114,-63.8598,588.4,5.1
2016,7,12,-22.2934,-68.6797,125.9,4.1
2016,7,11,-23.4996,-68.4022,131.9,4.3
2016,7,10,-21.0831,-68.9674,114.4,4.5
2016,7,8,-20.9162,-69.1201,111,4.2
2016,7,6,-20.4629,-69.3496,88.2,4.4
2016,7,6,-16.0126,-74.7591,59.7,4.5
2016,7,6,-10.01,-74.94,20,4.3
2016,7,5,-16.9173,-65.3609,10,4.2
2016,7,5,-17.0303,-65.3886,10,4.4
2016,7,5,-20.234,-70.7917,33.2,4.2
2016,7,5,-20.9345,-67.7617,186.4,4.4
2016,7,5,-20.19,-70.9463,11.1,5.1
2016,7,4,-20.7049,-69.1482,91,4.9
2016,7,4,-16.5019,-72.3604,90.7,4.2
2016,7,4,-20.6387,-70.751,15.9,4.4
2016,7,3,-21.0755,-68.7383,114.4,4.7
2016,6,28,-21.1852,-68.689,114.1,4
2016,6,27,-21.042,-67.0684,260.6,3.9
2016,6,26,-17.676,-64.5939,35.7,4.4
2016,6,26,-21.3876,-68.357,111,4.2
2016,6,26,-23.1263,-69.1689,105.7,4.2
2016,6,25,-21.782,-68.049,141.2,4.3
2016,6,24,-19.821,-71.0533,18.2,3.9
2016,6,24,-14.8277,-72.8796,66.1,4.4
2016,6,23,-20.4714,-68.9094,102.4,4.4
2016,6,22,-23.4254,-67.3401,197.3,4.1
2016,6,22,-14.8288,-70.5865,192.6,4.9
2016,6,21,-17.5595,-71.5278,35,4.3
2016,6,21,-23.69,-70.34,17,4.1
2016,6,20,-22.0847,-67.2066,189.6,4.1
2016,6,19,-21.3348,-68.756,113,4.2
2016,6,19,-20.0525,-69.1884,104.1,4
2016,6,19,-20.8532,-68.7498,114.2,4
2016,6,19,-16.7494,-69.6834,178.5,4.4
2016,6,19,-16.6987,-69.7286,171.8,4.6
2016,6,18,-14.7207,-70.7754,195.9,4.4
2016,6,17,-22.961,-68.9391,101.4,4.4
2016,6,16,-17.6595,-69.5484,165.4,4.2
2016,6,16,-15.5217,-70.2191,209.3,4.3
2016,6,14,-21.1136,-68.9588,114.1,4.6
2016,6,13,-10.3671,-74.5438,10.1,4.3
2016,6,10,-22.6933,-66.2726,216.6,4.7
2016,6,9,-19.7933,-71.0158,18.3,4.1
2016,6,9,-20.9962,-66.6078,237.5,4.4
2016,6,8,-22.4256,-67.8439,172.8,4.2
2016,6,8,-20.879,-68.838,105.1,4
2016,6,7,-14.2592,-73.0671,74.7,4.3
2016,6,6,-20.215,-69.322,87.4,4
2016,6,6,-16.8671,-70.5513,10,4.1
2016,6,6,-11.0383,-74.0655,95.5,4.4
2016,6,5,-19.4083,-69.0325,97.2,5.1
2016,6,5,-15.3631,-71.1953,143,4.2
2016,6,5,-15.9573,-74.1037,37.3,5.1
2016,6,4,-23.293,-69.618,64.4,4.3
2016,6,3,-19.964,-63.1722,583.6,4.5
2016,6,3,-19.0388,-70.2867,40.2,4.2
2016,6,3,-16.9533,-70.3992,48.4,4.4
2016,6,2,-21.1363,-68.9504,107.4,4
2016,6,2,-16.8948,-70.4415,35.5,4.5
2016,6,2,-16.8282,-70.4229,13.3,4.9
2016,6,1,-13.5075,-75.0451,82.8,4.9
2016,6,1,-22.6668,-68.6375,98.8,4.7
2016,6,1,-15.8705,-69.4956,255,4.4
2016,5,30,-16.2533,-73.0099,53.8,4
2016,5,29,-20.4822,-69.4522,86.3,4.1
2016,5,29,-20.5098,-63.2478,565.7,4.3
2016,5,28,-23.0268,-66.692,230.1,4.2
2016,5,27,-19.7221,-68.9532,109.5,4.2
2016,5,26,-18.7889,-69.1704,118.3,4.3
2016,5,26,-18.7823,-69.1125,118.1,4.2
2016,5,24,-15.1629,-72.3373,118.8,4
2016,5,24,-18.6247,-69.3935,125.6,4.9
2016,5,23,-22.0311,-67.3269,174.6,5
2016,5,22,-22.3467,-64.2278,9.5,5.3
2016,5,21,-21.5879,-71.6209,10,4.5
2016,5,21,-21.215,-68.486,133.3,4.7
2016,5,21,-21.1826,-67.5747,178.3,4.4
2016,5,17,-21.516,-68.74,120.3,4.3
2016,5,16,-21.0092,-67.8786,176.1,4.4
2016,5,16,-13.7595,-73.0132,25.6,4.5
2016,5,15,-23.6548,-67.9894,103.5,4.5
2016,5,15,-16.6157,-70.9124,131.9,4
2016,5,14,-16.1899,-69.5611,221.8,4.1
2016,5,14,-21.2562,-67.3369,212.1,4.2
2016,5,13,-20.603,-68.898,96.8,4.2
2016,5,12,-15.7962,-75.0724,10,4.7
2016,5,11,-16.6538,-72.2848,116.4,3.8
2016,5,9,-16.9079,-69.6469,172,4.4
2016,5,6,-21.363,-68.778,110.5,4.1
2016,5,4,-15.8561,-71.6086,140.7,4.1
2016,5,4,-23.073,-66.635,222,4.2
2016,5,3,-17.42,-69.91,12,4.1
2016,5,2,-18.02,-70.52,42,3.9
2016,4,29,-15.4185,-73.1575,80.1,4.7
2016,4,29,-22.208,-68.55,106.9,4.1
2016,4,28,-21.0813,-68.9627,112.7,4
2016,4,28,-19.7259,-66.6895,237.7,4.4
2016,4,28,-21.7306,-68.5392,121.9,4.3
2016,4,27,-16.6934,-69.5567,194.5,4.1
2016,4,26,-21.0685,-68.7063,132.6,4.9
2016,4,26,-17.0938,-72.7514,35,4.3
2016,4,26,-20.8368,-68.888,111.8,4.4
2016,4,24,-23.4382,-66.9518,219.2,4.1
2016,4,24,-21.2961,-70.6429,44.4,4.4
2016,4,23,-19.979,-69.289,88.6,4.1
2016,4,23,-19.7094,-69.5003,89.3,4.2
2016,4,22,-23.597,-71.1348,15.8,4.6
2016,4,21,-22.302,-67.4034,153,4.9
2016,4,21,-23.0486,-66.246,236,4.4
2016,4,18,-17.5254,-69.8513,154.1,4.2
2016,4,18,-19.109,-69.499,123.2,4.4
2016,4,17,-21.132,-68.641,122.4,4.3
2016,4,16,-21.1553,-68.6358,140.6,4.6
2016,4,14,-19.6899,-66.8416,260.1,4.3
2016,4,14,-19.9667,-69.1528,103.4,4.1
2016,4,13,-15.8036,-75.4839,10,4.3
2016,4,13,-23.2913,-66.3102,221.8,4.3
2016,4,13,-20.9384,-66.4777,220.9,5.3
2016,4,13,-22.168,-68.655,118.9,4.4
2016,4,13,-20.4414,-69.0187,109.2,4
2016,4,13,-15.7491,-71.8661,114,4.1
2016,4,12,-19.596,-69.256,101,4
2016,4,12,-20.775,-69.131,110.7,4
2016,4,11,-21.579,-68.37,126.5,4
2016,4,11,-15.3876,-73.816,66.6,4.2
2016,4,10,-23.602,-66.812,262,4.3
2016,4,7,-22.4121,-67.4297,155.9,4.4
2016,4,7,-20.4254,-68.8185,103,4.7
2016,4,7,-21.5586,-66.7437,197.8,4.4
2016,4,6,-20.1789,-70.5376,25.3,4
2016,4,5,-22.753,-68.1049,108.5,4.2
2016,4,3,-20.266,-68.9418,115.4,4.1
2016,4,3,-16.7092,-69.6988,160.7,4.9
2016,4,3,-21.2001,-68.9073,117.5,4.3
2016,4,1,-16.5329,-72.2915,52.9,4.3
2016,4,1,-20.3298,-69.9424,54.4,4.6
2016,3,31,-19.9497,-71.0443,20.2,4.1
2016,3,31,-22.6577,-68.5345,95.7,4.8
2016,3,31,-18.779,-67.3104,242.4,4.5
2016,3,30,-16.9068,-70.7237,33.3,4.2
2016,3,29,-21.9366,-67.2342,216.2,4.7
2016,3,29,-22.3028,-67.4503,190,4.6
2016,3,27,-20.558,-69.033,99.8,4.1
2016,3,27,-13.0727,-75.0223,89.9,4.1
2016,3,25,-19.6031,-69.0559,117,4.5
2016,3,24,-22.8311,-63.7968,527.2,4.1
2016,3,24,-19.6817,-70.7791,37.7,4
2016,3,23,-16.039,-69.5088,232.2,4.4
2016,3,22,-19.941,-68.763,119.2,4
2016,3,22,-15.1322,-72.4433,92.9,4.1
2016,3,20,-23.3061,-66.6839,205.9,4.6
2016,3,17,-15.7389,-68.7789,175.7,4.2
2016,3,17,-19.2469,-69.302,108.9,4.2
2016,3,17,-16.73,-69.6344,188.1,4.7
2016,3,15,-21.2053,-68.7581,116.4,4.2
2016,3,15,-23.24,-67.897,170,3.7
2016,3,14,-20.9,-68.923,103.3,4.6
2016,3,14,-21.913,-68.475,120.5,4.5
2016,3,14,-23.1444,-66.7285,204.3,3.9
2016,3,14,-16.9372,-73.4417,35,4.2
2016,3,14,-19.9543,-68.9137,113.7,3.8
2016,3,13,-22.3359,-68.7621,128.4,4.2
2016,3,12,-21.1509,-70.2342,68.8,4.1
2016,3,12,-20.4257,-68.8882,107.1,4.2
2016,3,11,-23.1188,-68.7595,85.6,4.8
2016,3,10,-18.8174,-69.6966,97.5,4
2016,3,10,-17.6239,-71.546,53.6,3.9
2016,3,10,-18.8045,-69.629,94.4,5
2016,3,9,-16.5809,-71.1272,47.9,3.7
2016,3,7,-18.4156,-69.4026,127.4,4.1
2016,3,7,-17.7383,-70.1595,108.8,4
2016,3,6,-18.08,-70.38,99,4.7
2016,3,6,-17.3461,-69.9681,142.7,4.2
2016,3,5,-20.7371,-69.7472,38.2,4.5
2016,3,4,-21.313,-69.724,64.6,3.8
2016,3,4,-20.6733,-71.0282,24.6,4.5
2016,3,4,-18.9169,-70.6181,35,4
2016,3,4,-20.8987,-70.515,51.3,4.1
2016,3,3,-20.303,-68.952,100.7,4.4
2016,3,3,-19.139,-69.271,112.5,4.7
2016,3,3,-16.0958,-73.9911,45.7,5
2016,3,3,-14.6513,-73.6845,68,4.5
2016,3,2,-23.2599,-67.0898,202.8,4.1
2016,3,2,-18.6904,-70.7402,33.4,5.2
2016,2,29,-20.4331,-70.6727,30.5,4.1
2016,2,29,-23.456,-66.8733,220.6,4.3
2016,2,28,-13.6814,-69.876,54.1,4.5
2016,2,28,-15.78,-71.77,12,4.3
2016,2,27,-21.4311,-68.515,134,3.9
2016,2,25,-23.1052,-68.9667,85.5,5.2
2016,2,24,-23.6696,-67.9843,126.2,4.2
2016,2,24,-15.71,-71.75,11,4.1
2016,2,22,-15.71,-71.8,6,4.8
2016,2,21,-22.907,-66.3633,240.7,4
2016,2,21,-22.513,-68.952,86.4,4.1
2016,2,20,-21.513,-68.37,139.9,4.4
2016,2,20,-18.9532,-70.2384,68.2,4.3
2016,2,20,-15.72,-71.821,10,5
2016,2,20,-15.8849,-71.6839,31,4.4
2016,2,18,-20.31,-69.166,100.5,4.5
2016,2,16,-19.054,-69.523,98.9,4.1
2016,2,16,-15.6653,-72.8943,80.1,4.5
2016,2,16,-21.4583,-68.9402,98.2,4.1
2016,2,16,-19.809,-69.135,100.8,4.2
2016,2,16,-16.5969,-73.8341,10,4.4
2016,2,16,-16.4442,-73.6045,29,5.7
2016,2,16,-20.082,-70.961,33.1,4.1
2016,2,15,-23.6513,-66.8286,205.3,4
2016,2,14,-21.7997,-68.4167,136.9,4.1
2016,2,14,-19.143,-69.445,105.1,4.2
2016,2,13,-20.207,-70.8947,15.2,3.8
2016,2,13,-20.6352,-70.6942,36.7,4.3
2016,2,13,-16.9229,-70.8059,104.6,5
2016,2,12,-19.9598,-70.3106,62.3,4.8
2016,2,12,-16.4456,-72.4626,83.1,4.6
2016,2,10,-21.0111,-67.3389,182.5,4
2016,2,9,-22.6471,-66.7322,190.3,4.7
2016,2,9,-15.5046,-73.2752,72.9,4.8
2016,2,8,-20.6951,-68.9182,99.4,3.9
2016,2,5,-20.9585,-67.427,214.2,4.4
2016,2,3,-21.2639,-69.6443,45.2,4.1
2016,2,3,-23.568,-66.812,215,4.4
2016,2,2,-21.742,-68.3608,117.3,4.6
2016,2,2,-18.7937,-67.3364,256.2,4.4
2016,2,2,-21.412,-68.578,125.5,4.1
2016,2,1,-22.5579,-66.0461,245.7,4.5
2016,2,1,-20.1767,-70.5873,22,4.2
2016,1,31,-21.9254,-68.0999,115.7,4.6
2016,1,30,-21.924,-67.2072,173,4.4
2016,1,30,-20.3468,-69.2007,100.1,4.4
2016,1,27,-19.2485,-69.4866,100.5,4.1
2016,1,26,-21.5079,-68.5226,131,4
2016,1,26,-23.4444,-66.8613,206.3,4.1
2016,1,25,-21.3944,-68.7166,111.3,4.5
2016,1,24,-18.3278,-71.5411,20.9,4.4
2016,1,24,-23.1972,-66.6054,198.3,4.7
2016,1,24,-21.719,-68.469,120.1,4.4
2016,1,23,-16.74,-72.44,48,4.5
2016,1,21,-22.017,-68.527,108.4,4.1
2016,1,20,-15.3114,-72.9122,87.9,4.3
2016,1,20,-15.8834,-74.038,49.1,5
2016,1,19,-14.5931,-73.4486,63.2,4.7
2016,1,19,-22.97,-69.009,96.5,4.7
2016,1,19,-14.0718,-72.9469,101,4.8
2016,1,17,-20.6511,-69.0164,110.3,4.4
2016,1,17,-21.3044,-68.763,90.3,5
2016,1,16,-10.6072,-74.2218,134.9,4.3
2016,1,14,-15.8857,-72.5905,79.2,4.6
2016,1,14,-16.41,-73.59,8,4.3
2016,1,14,-16.1,-71.98,12,4.1
2016,1,14,-19.7597,-63.3288,582.6,6.1
2016,1,13,-19.2847,-70.1676,55.1,4.8
2016,1,13,-23.5385,-68.0434,113.5,4.5
2016,1,13,-17.92,-70.88,49,4.1
2016,1,12,-16.5716,-72.6458,71.9,4.1
2016,1,12,-15.4399,-70.5882,196.6,4.5
2016,1,12,-20.6792,-63.2008,566.5,4.5
2016,1,11,-11.608,-73.0807,52.7,4.1
2016,1,10,-17.0213,-66.6035,24.8,4.5
2016,1,9,-19.8671,-69.0531,95.7,4.4
2016,1,9,-18.6626,-67.2164,265.5,4.1
2016,1,8,-16.1963,-72.2473,26.3,4
2016,1,8,-22.3535,-67.6073,147.5,4.7
2016,1,8,-13.3658,-69.86,38.7,4.9
2016,1,8,-13.2916,-70.6216,40.8,4.9
2016,1,6,-21.6039,-70.3759,31.4,4.4
2016,1,6,-18.3643,-71.4104,42,4
2016,1,5,-20.0656,-69.2677,102,4.2
2016,1,3,-20.4525,-68.6384,110.7,4.3
2016,1,3,-10.7827,-70.7808,633.4,4.3
2016,1,2,-10.4888,-75.3519,46.9,4.3
2015,12,30,-22.053,-68.527,107.5,4.3
2015,12,30,-15.9169,-72.0644,137.5,4.3
2015,12,28,-21.39,-68.736,116.8,4.4
2015,12,27,-20.7136,-69.2865,105.5,4.3
2015,12,27,-21.682,-68.456,123.6,4.5
2015,12,27,-20.6003,-68.7262,95.3,4.4
2015,12,27,-23.1512,-66.6857,190.1,4.5
2015,12,27,-19.8435,-69.0797,107.2,4
2015,12,27,-23.364,-66.8853,229.1,4
2015,12,26,-22.0993,-67.0809,176.5,4.2
2015,12,26,-18.4075,-70.1494,52,4.7
2015,12,25,-21.4781,-66.7029,206.1,4.5
2015,12,24,-13.5325,-72.4189,47.4,4.2
2015,12,24,-20.3244,-68.9727,102.4,4
2015,12,23,-20.5617,-69.1771,106.5,4.2
2015,12,23,-20.3408,-68.9438,106.9,4.4
2015,12,23,-21.0559,-68.8455,107.7,4.1
2015,12,23,-15.1511,-74.9037,51.7,4.4
2015,12,22,-15.1454,-72.7966,94.5,4.9
2015,12,22,-20.3189,-68.764,115.9,4.1
2015,12,21,-18.0653,-63.3871,35.5,4.9
2015,12,19,-19.9402,-71.1411,9.5,3.8
2015,12,19,-23.572,-64.78,22,4.4
2015,12,19,-16.367,-71.0612,52.8,4.1
2015,12,19,-15.8426,-72.6609,157.5,4.2
2015,12,19,-11.0846,-71.0143,601.4,4
2015,12,18,-22.8328,-66.7103,197.5,4.7
2015,12,17,-15.159,-73.3928,84.2,4.2
2015,12,16,-15.0578,-73.6785,83.8,4.5
2015,12,15,-15.9665,-75.0848,33.2,4.5
2015,12,15,-15.4781,-70.9836,170.2,4.2
2015,12,15,-14.1741,-74.7338,71.5,4.2
2015,12,15,-21.862,-68.636,105.9,4.1
2015,12,14,-21.286,-68.571,118.7,4.8
2015,12,14,-21.8508,-67.5211,191.6,4.2
2015,12,12,-19.9435,-71.0442,15.3,4.5
2015,12,11,-19.935,-71.0454,32.8,4
2015,12,11,-18.359,-71.4065,27,3.7
2015,12,11,-19.7988,-69.2959,107.5,4.3
2015,12,10,-15.794,-71.1867,36.4,4.3
2015,12,10,-20.661,-69.2213,107,4.1
2015,12,8,-15.7975,-71.808,23.6,4.7
2015,12,8,-15.8335,-72.2281,22.1,4.7
2015,12,8,-15.7553,-72.1432,35,4.2
2015,12,7,-18.738,-70.002,99.6,4.9
2015,12,6,-9.831,-71.1892,638.4,4.2
2015,12,6,-23.149,-67.5554,148.2,4.6
2015,12,5,-22.5727,-70.3725,26.5,4.6
2015,12,5,-23.5099,-64.6396,11.6,5.3
2015,12,4,-23.6677,-64.6017,28.3,4.9
2015,12,3,-10.2601,-71.4165,622.7,4
2015,12,3,-20.7729,-69.2886,109.9,4
2015,12,3,-22.522,-68.807,87.4,4.2
2015,12,2,-14.9553,-71.9827,115.6,4.1
2015,12,2,-19.6732,-69.2738,100.4,4.3
2015,12,1,-16.379,-71.1123,117.3,5
2015,12,1,-19.562,-69.3177,100,4.3
2015,11,30,-23.6862,-64.6389,34.9,4.4
2015,11,30,-23.5985,-64.5687,26.1,4.3
2015,11,29,-22.82,-68.489,103.9,4.1
2015,11,29,-23.4779,-64.5862,10,5.5
2015,11,29,-23.5597,-64.6521,11,5.8
2015,11,29,-10.1732,-71.1811,625.6,4.2
2015,11,28,-19.9639,-71.0028,11.2,4.2
2015,11,28,-18.0707,-69.5863,144.1,4.4
2015,11,27,-16.6128,-69.6631,191.8,4.5
2015,11,26,-23.5268,-64.7123,18,4.9
2015,11,26,-10.5666,-71.183,601.8,4.2
2015,11,26,-9.7561,-71.2455,605.6,4.9
2015,11,25,-10.5191,-71.1385,591.9,4.2
2015,11,25,-10.4,-70.54,655,4.3
2015,11,25,-9.8471,-71.2808,630.5,4.3
2015,11,25,-14.4059,-73.2844,62.3,4.3
2015,11,25,-10.0811,-71.1445,589.8,4.3
2015,11,25,-19.9528,-69.1295,100,4.3
2015,11,25,-15.6412,-71.9348,28.5,4.6
2015,11,25,-11.0331,-70.8484,597.1,4.7
2015,11,24,-10.2872,-70.8723,618.8,4.1
2015,11,24,-10.5573,-70.9903,595.2,4.6
2015,11,24,-10.0598,-71.0184,620.6,7.6
2015,11,24,-10.5372,-70.9437,606.2,7.6
2015,11,24,-23.146,-67.223,230,4
2015,11,24,-10.6646,-71.1423,595.6,4.3
2015,11,24,-22.0926,-65.9677,264.6,4.1
2015,11,23,-22.23,-63.86,529,4.3
2015,11,22,-23.642,-68.9069,91.5,4.9
2015,11,22,-18.0487,-69.3519,126.2,4.4
2015,11,22,-15.4027,-72.2418,109.5,4.9
2015,11,20,-23.1439,-66.6717,211.7,4
2015,11,19,-22.6119,-66.6313,201.7,4.9
2015,11,18,-19.3273,-69.2998,99.8,4.7
2015,11,17,-15.6304,-72.6842,10,4.2
2015,11,17,-21.0218,-68.5949,128.7,4.1
2015,11,17,-15.9733,-72.2268,86.8,4.3
2015,11,17,-21.154,-68.486,130.8,4.7
2015,11,16,-18.7515,-69.7705,78.1,4.7
2015,11,14,-15.4432,-71.7253,131.9,4.3
2015,11,13,-21.616,-66.6886,216.5,4.1
2015,11,12,-16.0641,-72.0127,92.3,4.5
2015,11,11,-21.1303,-68.6017,139,4.1
2015,11,10,-22.2038,-68.7748,112.7,4
2015,11,10,-22.2254,-68.7099,109.3,5.3
2015,11,9,-22.3544,-66.0083,248.3,4.4
2015,11,9,-23.5755,-68.9458,101,5.3
2015,11,9,-19.8182,-70.9994,20.3,3.9
2015,11,8,-19.8083,-70.9604,17.8,4
2015,11,8,-17.3194,-69.4287,159.9,5.7
2015,11,8,-22.396,-66.174,283,4.2
2015,11,6,-19.9878,-68.9608,112.6,4.6
2015,11,6,-19.4609,-56.3538,12.3,4.1
2015,11,5,-13.5096,-74.6199,76.5,4.4
2015,11,4,-9.9979,-75.4222,46.8,4.7
2015,11,3,-20.0522,-68.0461,189.4,4.1
2015,11,1,-23.2468,-68.4169,111,5.8
2015,11,1,-19.939,-70.8542,29.7,4.1
2015,10,31,-18.5011,-71.5152,10,4.2
2015,10,30,-10.0414,-75.353,52.3,4.3
2015,10,28,-23.2998,-69.0924,62.2,4.6
2015,10,28,-23.153,-70.607,31.3,4.9
2015,10,26,-17.9737,-69.4634,115.7,5
2015,10,25,-21.9156,-68.6802,113.9,4.1
2015,10,25,-20.4161,-68.9091,106.8,4.6
2015,10,21,-18.9925,-68.3633,187.3,4.5
2015,10,21,-20.3199,-69.1422,87.2,4.5
2015,10,21,-22.395,-67.781,156.4,4.7
2015,10,20,-20.5458,-70.6956,16.8,3.9
2015,10,19,-21.1965,-68.6881,124.6,4.3
2015,10,17,-20.582,-70.7838,14.7,4.5
2015,10,16,-19.9603,-66.7685,228,4.9
2015,10,16,-19.9738,-68.7246,107.8,4.7
2015,10,15,-22.7367,-68.9815,111.2,4.5
2015,10,14,-22.575,-68.71,108.8,4.3
2015,10,13,-22.6921,-66.3403,250.4,4.1
2015,10,10,-22.9691,-66.4436,225.2,4.6
2015,10,9,-15.9943,-69.7699,208.1,4.6
2015,10,8,-17.4579,-71.9286,51,4.6
2015,10,7,-21.97,-69.928,50.4,3.9
2015,10,7,-21.4172,-66.8022,231.2,4.4
2015,10,7,-17.7468,-69.7891,127.9,4.8
2015,10,6,-20.003,-70.9795,13,4.2
2015,10,5,-15.7,-74.03,83,4.2
2015,10,4,-16.2684,-72.1052,92,5.3
2015,10,1,-15.7239,-72.0935,30.2,4.9
2015,10,1,-22.0353,-67.4145,185.1,4.4
2015,9,30,-22.1329,-69.8941,73,4.5
2015,9,30,-15.7756,-72.1232,10,4.4
2015,9,29,-18.354,-69.979,22.5,3.7
2015,9,29,-20.3337,-70.9057,29.2,4.4
2015,9,28,-15.9972,-74.4534,32.2,4.2
2015,9,28,-16.73,-73.11,15,4.3
2015,9,28,-16.81,-70.58,13,4
2015,9,27,-15.6703,-74.9388,41.9,4.2
2015,9,26,-20.826,-68.811,99.5,4.6
2015,9,26,-16.9964,-70.6847,10,4.3
2015,9,26,-19.7375,-68.6762,126,4.1
2015,9,26,-14.2481,-73.5373,67.7,4.3
2015,9,25,-20.8851,-69.0863,80.2,4.8
2015,9,24,-20.2262,-69.1779,98.9,4.6
2015,9,24,-21.22,-68.715,113.8,4.1
2015,9,23,-19.9793,-70.9769,12.1,4.1
2015,9,22,-22.4317,-66.9561,184.4,4.2
2015,9,20,-18.0377,-66.9765,275.5,4.3
2015,9,19,-21.3275,-67.4459,206,4.2
2015,9,19,-20.0709,-69.1237,96.2,4.1
2015,9,18,-18.549,-69.453,134.7,4.3
2015,9,17,-21.592,-68.459,127.4,4.4
2015,9,17,-18.5448,-69.1608,10.7,5.1
2015,9,17,-18.5464,-69.1896,10,4.5
2015,9,16,-20.1671,-70.8942,11.8,4.1
2015,9,16,-19.9554,-70.8754,9,4.9
2015,9,16,-19.9713,-70.9427,12.8,4.9
2015,9,16,-19.9771,-70.9917,16.2,4.5
2015,9,16,-14.6058,-73.5826,68.6,4.1
2015,9,15,-20.0186,-70.8369,14.5,4.9
2015,9,15,-20.0288,-70.8032,9.8,5
2015,9,15,-20.0204,-70.9446,11.1,4.2
2015,9,15,-22.777,-66.315,257,4.1
2015,9,13,-21.999,-68.601,101.8,4
2015,9,13,-16.2644,-72.638,73.8,4.7
2015,9,13,-21.715,-68.531,138.3,4.2
2015,9,12,-10.8867,-74.53,93.2,4
2015,9,10,-15.5426,-72.5965,89.3,4.4
2015,9,10,-20.0242,-70.9792,14.7,4.4
2015,9,9,-21.8695,-67.4918,193.4,4.2
2015,9,8,-22.895,-64.202,36,4.6
2015,9,7,-16.8149,-69.1177,204.3,4.5
2015,9,5,-18.2572,-71.5764,18,4.5
2015,9,5,-15.5387,-70.5002,197.9,4.6
2015,9,4,-19.0973,-65.9286,289.7,4.4
2015,9,3,-23.094,-68.371,135.3,4.5
2015,9,3,-22.424,-67.179,223.4,4
2015,9,2,-22.538,-67.2979,47.1,4.6
2015,9,1,-19.785,-69.245,97.2,5.4
2015,9,1,-21.372,-66.9327,250.2,4
2015,8,31,-21.903,-68.489,119.6,4.4
2015,8,31,-22.004,-68.789,136.9,4.1
2015,8,31,-20.128,-70.133,48,3.9
2015,8,30,-21.781,-68.563,126.3,4.4
2015,8,29,-10.4931,-75.43,9.7,4.4
2015,8,29,-15.7212,-72.0546,49.5,4.4
2015,8,28,-16.8782,-69.6653,180.4,4.8
2015,8,28,-15.823,-71.8124,9.3,4.9
2015,8,27,-18.392,-71.066,27.3,4
2015,8,25,-22.9862,-66.4785,232.4,4.4
2015,8,25,-20.3632,-69.0656,104.7,3.9
2015,8,24,-19.5274,-69.0018,122.5,4.1
2015,8,24,-21.713,-68.501,120.3,4.6
2015,8,24,-17.9793,-70.9224,56.7,4.8
2015,8,24,-20.4017,-69.1064,108.1,4.5
2015,8,23,-19.677,-70.248,69.2,4.3
2015,8,23,-20.357,-70.277,46.1,4.6
2015,8,23,-21.885,-68.666,115.3,4
2015,8,21,-20.619,-69.129,108.6,4.2
2015,8,20,-22.5509,-67.715,167.2,4.4
2015,8,19,-21.553,-66.6042,200.5,4.1
2015,8,19,-16.2907,-70.0232,182.9,4.2
2015,8,19,-16.7006,-69.4384,192.7,4.3
2015,8,17,-19.3747,-69.3316,100.4,4.4
2015,8,13,-22.437,-66.04,269,4.2
2015,8,13,-20.1945,-70.7334,16.5,3.8
2015,8,11,-17.6349,-69.6953,132.3,4.2
2015,8,11,-14.3077,-74.8682,84,4.3
2015,8,10,-19.558,-69.32,99.4,4.6
2015,8,8,-21.945,-67.1758,179,4.4
2015,8,6,-21.863,-68.663,133.4,4.1
2015,8,6,-21.4417,-66.8969,230.3,4.1
2015,8,4,-20.591,-69.263,108.1,4.3
2015,8,3,-21.9427,-63.7831,536.2,4.1
2015,8,2,-22.275,-68.669,103.5,4.2
2015,7,30,-21.1466,-68.641,104.5,4.8
2015,7,24,-20.2963,-70.2472,34,5.3
2015,7,23,-15.9123,-73.0956,83.4,4.4
2015,7,22,-22.7502,-66.3647,219.2,4.4
2015,7,20,-18.405,-71.379,29.7,4.5
2015,7,18,-15.9069,-72.817,90.5,4.2
2015,7,17,-14.9808,-71.8306,117.1,4.3
2015,7,14,-21.7334,-68.4384,125.6,4.3
2015,7,11,-21.787,-68.647,112.9,4.4
2015,7,8,-21.877,-68.578,120.3,4.2
2015,7,7,-18.68,-70.719,33.6,4.3
2015,7,7,-16.2401,-73.8606,35,4.1
2015,7,6,-16.07,-74.31,22,4.2
2015,7,6,-17.2503,-69.7693,171.6,4.4
2015,7,6,-13.8479,-71.7295,36.7,4.9
2015,7,6,-20.909,-69.245,105.6,4.3
2015,7,5,-19.47,-69.557,110,4.4
2015,7,5,-19.026,-69.408,102.4,4.5
2015,7,4,-21.283,-68.801,121.4,4.2
2015,7,3,-16.5698,-73.1645,26.2,4.1
2015,7,2,-22.69,-69.047,105.3,4.1
2015,6,30,-15.0364,-73.3756,74.3,4
2015,6,29,-16.0251,-74.2558,28,5.8
2015,6,28,-15.8559,-74.4845,35.3,4.2
2015,6,28,-22.122,-67.81,215.3,4.1
2015,6,26,-20.0086,-69.4272,117.9,4
2015,6,24,-18.9085,-67.7633,204.2,4.2
2015,6,23,-17.493,-69.2635,158.4,4.1
2015,6,22,-21.7797,-68.1744,122,5.1
2015,6,22,-21.895,-68.515,129.3,4.1
2015,6,22,-22.7354,-66.2885,258.6,4
2015,6,21,-15.7054,-73.8168,75.4,4.7
2015,6,21,-15.9381,-71.455,133,4.1
2015,6,20,-21.566,-68.361,144,3.9
2015,6,18,-21.4859,-68.4843,131.1,4.5
2015,6,17,-20.252,-70.737,23.7,4.5
2015,6,17,-21.449,-66.6547,209.1,4.6
2015,6,16,-16.9226,-69.6692,180.9,4.3
2015,6,16,-17.2478,-66.3109,129.5,3.1
2015,6,12,-15.7618,-71.9126,9.2,3.9
2015,6,11,-20.467,-68.763,109.4,4.5
2015,6,11,-16.1881,-75.0452,36.5,4.3
2015,6,11,-18.3652,-67.1249,270.4,4
2015,6,10,-21.889,-68.617,122.9,4
2015,6,10,-22.4426,-68.6299,126.7,4.1
2015,6,10,-20.5509,-71.0464,8.3,4.1
2015,6,10,-22.4,-68.4323,124,6
2015,6,10,-20.123,-69.191,99.4,4.4
2015,6,9,-20.2192,-70.9489,13.2,4
2015,6,9,-20.2393,-70.8518,12.8,4.3
2015,6,9,-20.2671,-70.8474,10,4.5
2015,6,9,-20.2057,-70.821,13.4,4.7
2015,6,7,-15.2328,-72.2716,118.6,4
2015,6,7,-19.974,-70.951,15.4,4.1
2015,6,6,-23.089,-66.768,229,4.1
2015,6,5,-17.4194,-69.6501,150.4,4.7
2015,6,4,-23.135,-69.649,61,4.5
2015,6,4,-16.1176,-73.8975,45.7,4.3
2015,6,3,-16.6726,-69.4954,187,4.3
2015,6,2,-22.242,-67.702,209.6,4
2015,6,1,-18.3288,-71.2585,31.7,4.7
2015,5,31,-19.9421,-70.9093,20,5
2015,5,29,-20.029,-70.37,36.1,3.7
2015,5,28,-20.145,-70.102,43.6,4
2015,5,27,-19.3431,-67.3248,223.9,4
2015,5,26,-22.057,-68.5076,124,5.6
2015,5,25,-21.0584,-67.636,195.2,4
2015,5,25,-20.658,-68.865,100.8,4
2015,5,24,-20.6662,-68.9549,116.7,4.3
2015,5,24,-19.619,-68.6389,129.4,4.8
2015,5,24,-20.1898,-68.8585,134.6,4.6
2015,5,23,-20.19,-70.807,27.4,4.8
2015,5,23,-18.4587,-69.2062,115.2,5.1
2015,5,23,-20.231,-70.856,31.7,4.1
2015,5,22,-20.1892,-70.8373,17.2,5.3
2015,5,22,-23.5452,-66.7153,199.5,4.1
2015,5,21,-19.8999,-70.0403,66.2,4.4
2015,5,21,-20.216,-70.887,35.2,4.2
2015,5,20,-19.8177,-71.0825,10.2,4.2
2015,5,20,-19.828,-70.982,14.8,4.2
2015,5,20,-19.76,-69.32,98.5,4.1
2015,5,20,-19.6588,-70.842,36.7,4.1
2015,5,19,-15.6211,-70.0908,246.7,4
2015,5,18,-19.8625,-70.9937,20.8,4.3
2015,5,18,-19.8875,-70.9082,15.4,4.3
2015,5,18,-21.6314,-68.5722,105.5,4
2015,5,17,-20.865,-68.867,101.6,4.6
2015,5,17,-13.2919,-74.7474,80.6,4.3
2015,5,17,-22.6261,-66.2881,249.2,4.4
2015,5,16,-22.8317,-71.8273,20.1,4.6
2015,5,15,-15.7217,-75.5539,1,4.9
2015,5,15,-18.409,-69.581,131.4,4.3
2015,5,15,-20.857,-69.199,109.8,4.2
2015,5,14,-14.1791,-75.5649,50.8,4.8
2015,5,13,-11.1429,-74.2635,23.3,4.6
2015,5,7,-18.253,-69.367,139.1,4.7
2015,5,7,-22.589,-68.783,101,4.1
2015,5,6,-21.5394,-67.2142,185.9,4.2
2015,5,6,-11.0533,-72.2137,20.6,4.3
2015,5,4,-16.104,-72.604,72.5,4.1
2015,5,3,-19.4842,-69.3459,116.8,4.5
2015,5,3,-19.9364,-71.1144,10.4,4.8
2015,5,3,-21.881,-68.431,117,4.2
2015,5,3,-22.333,-68.647,116.1,4.2
2015,5,2,-17.518,-72.7057,40.9,4.6
2015,5,1,-23.2917,-66.7313,203.4,4.6
2015,5,1,-22.235,-68.652,128.6,4.1
2015,4,30,-19.9619,-66.8633,246.9,4.1
2015,4,30,-23.5898,-67.8362,125.3,4.8
2015,4,27,-16.27,-72.75,36,4.7
2015,4,27,-22.5981,-67.6017,148.9,4.5
2015,4,26,-14.3325,-73.6758,62.4,4.6
2015,4,25,-19.165,-69.452,95.5,4.2
2015,4,23,-23.288,-66.727,228,4.3
2015,4,23,-17.6385,-69.4738,168,4.7
2015,4,22,-16.5667,-69.653,192.4,4.4
2015,4,22,-17.2812,-65.8402,22.3,4.4
2015,4,21,-14.7636,-71.3539,153,5.3
2015,4,20,-22.112,-66.054,256,4.2
2015,4,19,-21.6087,-66.7373,219,4.5
2015,4,18,-15.7575,-72.2501,127.2,4.4
2015,4,15,-15.0404,-72.3192,119.9,4.3
2015,4,14,-20.0525,-70.8598,27.7,4.3
2015,4,14,-22.69,-70.28,65.9,4.2
2015,4,13,-21.0794,-68.6264,122,5.2
2015,4,11,-16.2068,-69.6063,210.9,4.3
2015,4,10,-16.42,-73.32,36,4.2
2015,4,9,-18.543,-69.768,130.8,4.2
2015,4,8,-15.0893,-72.3677,87.2,4
2015,4,8,-19.25,-69.263,115.9,4.2
2015,4,8,-16.1498,-73.6139,110,3.8
2015,4,8,-19.881,-70.967,30.9,4
2015,4,7,-21.7619,-68.3383,119.6,4.1
2015,4,7,-20.008,-70.895,33.1,4.2
2015,4,7,-22.93,-68.464,144.5,4.3
2015,4,4,-15.8,-74.24,52,4.3
2015,4,3,-20.7785,-67.7266,159.2,4.6
2015,3,31,-22.1896,-68.6182,111.3,4
2015,3,30,-22.7253,-66.1446,240.3,4.7
2015,3,30,-18.6842,-70.7309,40.3,4
2015,3,29,-21.084,-68.751,127.1,4.6
2015,3,29,-15.704,-70.5747,215.3,4.1
2015,3,28,-22.2167,-68.6175,112,5.6
2015,3,27,-21.104,-68.592,130,4.1
2015,3,27,-21.738,-67.671,222.9,4
2015,3,26,-21.1582,-67.6526,184.9,4.6
2015,3,25,-21.67,-68.446,120,4.5
2015,3,25,-20.645,-70.725,25.3,4.5
2015,3,25,-20.678,-70.771,25.7,4
2015,3,24,-20.68,-70.785,15.5,5.2
2015,3,24,-18.5012,-69.3575,135.9,4.6
2015,3,23,-18.3534,-69.1663,130,6.4
2015,3,22,-17.9732,-72.1415,30.3,4.4
2015,3,21,-10.8245,-74.1794,113.7,4.4
2015,3,20,-15.7747,-71.3369,165.4,4.4
2015,3,20,-17.78,-71.61,28,4
2015,3,20,-15.7061,-75.3049,35,4.5
2015,3,19,-19.264,-70.224,76.6,4.2
2015,3,19,-18.4433,-71.6975,28.1,4.6
2015,3,18,-16.76,-72.89,45,4.6
2015,3,18,-17.507,-69.7988,158.1,4.4
2015,3,18,-21.4415,-66.6261,218.2,4.3
2015,3,18,-18.5871,-71.2677,48.8,4.1
2015,3,18,-18.406,-71.25,64,4.8
2015,3,17,-15.1504,-72.0754,131.8,4.2
2015,3,16,-14.3362,-73.6487,70.1,4.1
2015,3,15,-21.969,-68.856,103.1,4.6
2015,3,15,-14.559,-73.5308,68.6,4.6
2015,3,14,-20.455,-70.148,18.2,4
2015,3,13,-15.94,-69.5687,233.1,4.7
2015,3,13,-22.9684,-66.9276,221,4.1
2015,3,11,-20.6328,-70.4601,25,4
2015,3,10,-15.63,-72.01,12,4.2
2015,3,10,-18.5492,-70.631,56.1,4
2015,3,9,-19.7273,-69.5511,98.1,4.7
2015,3,9,-12.7641,-73.8148,66.1,4.5
2015,3,8,-16.819,-70.8661,11.6,4.2
2015,3,6,-14.8012,-72.4396,122.5,4.1
2015,3,5,-20.505,-68.954,102.5,4.5
2015,3,3,-16.8107,-69.8753,170.5,4.5
2015,3,3,-20.358,-69.145,106.2,5.2
2015,3,3,-17.708,-69.812,156.8,4.5
2015,3,2,-15.68,-72.01,11,3.9
2015,3,2,-16.1217,-73.9826,66.3,3.8
2015,3,1,-17.1815,-71.8382,55.5,5
2015,2,28,-15.7,-71.99,12,4.8
2015,2,28,-21.752,-70.608,30,4.2
2015,2,27,-21.764,-70.591,19.6,3.4
2015,2,25,-19.0878,-67.2076,229.8,4.2
2015,2,24,-22.7448,-66.6628,189,5.3
2015,2,24,-16.704,-72.9355,101.9,4
2015,2,22,-18.866,-69.286,123.4,4.6
2015,2,22,-20.0772,-70.9537,13.2,4.6
